source_row,true_class,predicted_class
904,5,5
492,2,2
232,1,1
1093,5,5
803,3,3
1758,6,1
828,4,4
1241,5,5
586,2,2
1271,6,6
1788,6,6
829,4,4
1909,6,6
196,1,1
187,1,1
1253,5,6
1159,5,5
103,0,6
977,5,6
1296,6,6
130,0,0
653,2,2
1243,5,6
666,2,2
1356,6,6
951,5,6
1540,6,6
1535,6,5
1579,6,6
313,1,1
1017,5,6
1548,6,6
527,2,2
838,4,6
491,2,2
576,2,2
707,2,2
169,1,1
718,2,2
1898,6,6
815,4,4
185,1,1
878,5,6
1709,6,6
1435,6,6
285,1,1
626,2,2
1602,6,6
1398,6,6
1483,6,6
1138,5,6
469,2,2
505,2,2
1328,6,6
948,5,6
1336,6,6
1077,5,5
50,0,5
1626,6,6
1658,6,0
1843,6,6
184,1,1
1294,6,0
1577,6,0
1934,6,6
1314,6,6
287,1,1
407,2,2
1825,6,6
1631,6,5
476,2,2
401,2,2
471,2,2
998,5,5
1496,6,6
831,4,4
984,5,6
286,1,1
1749,6,6
1886,6,6
1852,6,6
999,5,5
1733,6,6
1101,5,6
1791,6,6
346,1,1
1420,6,6
1913,6,6
761,3,3
1542,6,6
1517,6,6
1185,5,5
1768,6,6
1096,5,6
157,0,0
871,5,6
395,2,2
1547,6,6
669,2,2
880,5,5
1306,6,6
1645,6,6
1511,6,6
37,0,6
490,2,2
322,1,1
785,3,3
1606,6,5
1467,6,5
107,0,0
48,0,5
1382,6,6
652,2,2
1545,6,5
1585,6,5
1068,5,5
1129,5,5
1764,6,6
348,2,2
1226,5,5
755,3,3
655,2,2
398,2,2
1234,5,5
1804,6,6
1326,6,6
1376,6,6
54,0,0
1439,6,6
1609,6,5
1218,5,5
1859,6,6
219,1,1
1154,5,6
1743,6,6
405,2,2
270,1,1
753,3,3
1484,6,6
689,2,2
1744,6,6
991,5,5
1779,6,6
238,1,1
1899,6,6
489,2,2
1380,6,6
494,2,2
1342,6,6
1563,6,6
1860,6,6
890,5,5
1232,5,5
467,2,2
410,2,2
1140,5,5
106,0,0
896,5,5
716,2,2
1745,6,6
1067,5,5
1375,6,6
1638,6,5
439,2,2
801,3,3
816,4,6
1765,6,6
360,2,2
1187,5,6
474,2,2
120,0,0
1057,5,5
543,2,2
832,4,4
940,5,5
275,1,1
1717,6,6
1059,5,5
899,5,5
253,1,6
1292,6,6
520,2,2
901,5,5
1454,6,5
1836,6,6
336,1,1
1494,6,6
1279,6,6
935,5,5
1734,6,6
927,5,5
966,5,5
1112,5,6
1931,6,6
861,4,4
291,1,1
976,5,5
63,0,0
52,0,0
320,1,1
155,0,6
58,0,6
1348,6,0
1283,6,6
1866,6,6
721,2,2
448,2,2
1490,6,6
1559,6,6
1340,6,6
1183,5,5
852,4,4
473,2,2
1555,6,4
1917,6,6
701,2,2
1632,6,6
1904,6,6
1556,6,6
1142,5,5
1092,5,6
1176,5,5
500,2,2
455,2,2
869,5,6
594,2,2
216,1,1
658,2,2
209,1,1
71,0,0
450,2,2
309,1,1
1236,5,5
1722,6,6
328,1,1
1819,6,5
660,2,2
1010,5,5
1015,5,6
464,2,2
1397,6,6
1502,6,6
453,2,2
1476,6,6
1710,6,6
1108,5,6
1,0,0
21,0,6
725,2,2
74,0,6
788,3,3
609,2,2
1630,6,0
933,5,5
775,3,3
1094,5,6
1925,6,6
1197,5,5
1278,6,6
1147,5,5
1045,5,5
1219,5,5
891,5,5
273,1,1
673,2,2
1002,5,5
1254,5,1
1554,6,4
1504,6,6
394,2,2
1668,6,5
367,2,2
517,2,2
400,2,2
1395,6,2
537,2,2
383,2,6
795,3,3
743,3,3
1702,6,6
622,2,2
1063,5,5
1774,6,6
616,2,2
1805,6,6
786,3,3
1165,5,5
676,2,2
208,1,1
1196,5,6
1301,6,6
1761,6,5
893,5,5
1919,6,6
497,2,2
57,0,6
1404,6,6
278,1,1
1215,5,5
1623,6,6
1877,6,6
1425,6,5
116,0,0
1673,6,6
1038,5,5
129,0,0
750,3,3
386,2,6
294,1,1
260,1,1
88,0,0
443,2,2
102,0,0
1413,6,6
959,5,5
92,0,0
1180,5,5
1641,6,6
1421,6,5
1756,6,0
1365,6,6
99,0,6
1353,6,6
792,3,3
1098,5,6
1415,6,6
1416,6,6
312,1,1
1011,5,5
907,5,5
661,2,2
20,0,6
160,1,1
472,2,2
1091,5,5
1369,6,6
1896,6,6
618,2,2
983,5,5
152,0,1
1815,6,0
1308,6,6
702,2,2
932,5,5
741,3,5
373,2,2
201,1,1
148,0,0
533,2,2
665,2,2
249,1,1
317,1,1
1309,6,6
860,4,4
1468,6,6
1669,6,6
465,2,2
1855,6,6
637,2,2
1284,6,6
1639,6,6
1597,6,6
1786,6,6
87,0,0
352,2,2
1088,5,6
905,5,5
258,1,1
862,4,4
1757,6,1
562,2,2
960,5,5
635,2,2
1085,5,5
668,2,2
974,5,0
663,2,2
1793,6,0
2,0,0
288,1,1
121,0,0
1311,6,0
241,1,1
265,1,1
611,2,2
14,0,6
1322,6,6
737,2,6
1752,6,1
