category,items,orders,revenue,avg_price
agro_industry_and_commerce,212,182,72530.47,342.12
health_beauty,9670,8836,1258681.34,130.16
toys,4117,3886,483946.6,117.55
industry_commerce_and_business,268,235,39669.61,148.02
signaling_and_security,199,140,21509.23,108.09
luggage_accessories,1092,1034,140429.98,128.6
art,209,202,24202.64,115.8
small_appliances_home_oven_and_coffee,76,75,47445.71,624.29
dvds_blu_ray,64,59,5999.39,93.74
party_supplies,43,39,4485.18,104.31
security_and_services,2,2,283.29,141.64
perfumery,3419,3162,399124.87,116.74
watches_gifts,5991,5624,1205005.68,201.14
books_general_interest,553,512,46856.88,84.73
furniture_living_room,503,422,68916.56,137.01
books_technical,267,260,19096.06,71.52
fashio_female_clothing,48,39,2803.64,58.41
garden_tools,4347,3518,485256.46,111.63
auto,4235,3897,592720.11,139.96
fashion_underwear_beach,131,121,9541.55,72.84
small_appliances,679,630,190648.58,280.78
fashion_shoes,262,240,23562.77,89.93
construction_tools_safety,194,167,40544.52,208.99
pc_gamer,9,8,1545.95,171.77
air_conditioning,297,253,55024.96,185.27
musical_instruments,680,628,191498.88,281.62
pet_shop,1947,1710,214315.41,110.07
consoles_games,1137,1062,157465.22,138.49
construction_tools_construction,929,748,144677.59,155.73
home_appliances_2,238,234,113317.74,476.12
drinks,379,297,22428.7,59.18
flowers,33,29,1110.04,33.64
food_drink,278,227,15179.48,54.6
arts_and_craftmanship,24,23,1814.01,75.58
home_comfort_2,30,24,760.27,25.34
portateis_cozinha_e_preparadores_de_alimentos,15,14,3968.53,264.57
music,38,38,6034.35,158.8
housewares,6964,5884,632248.66,90.79
stationery,2517,2311,230943.23,91.75
baby,3065,2885,411764.89,134.34
unknown,1603,1451,179535.28,112.0
market_place,311,280,28378.47,91.25
home_construction,604,490,83088.12,137.56
furniture_bedroom,109,95,20028.78,183.75
costruction_tools_garden,238,194,25715.89,108.05
fashion_male_clothing,132,112,10797.82,81.8
cds_dvds_musicals,14,12,730.0,52.14
fashion_childrens_clothes,8,8,569.85,71.23
telephony,4545,4199,323667.53,71.21
home_appliances,771,764,80171.53,103.98
fashion_sport,30,27,2119.51,70.65
food,510,450,29393.41,57.63
costruction_tools_tools,103,97,15903.95,154.41
la_cuisine,14,13,2054.99,146.79
tablets_printing_image,83,79,7528.41,90.7
diapers_and_hygiene,39,27,1567.59,40.19
bed_bath_table,11115,9417,1036988.68,93.3
home_confort,434,397,58572.04,134.96
cine_photo,72,65,6933.46,96.3
office_furniture,1691,1273,273960.7,162.01
fashion_bags_accessories,2031,1864,152823.54,75.25
computers,203,181,222963.13,1098.34
construction_tools_lights,304,244,41080.0,135.13
fixed_telephony,264,217,59583.0,225.69
books_imported,60,53,4639.85,77.33
cool_stuff,3796,3632,635290.85,167.36
furniture_decor,8334,6449,729762.49,87.56
electronics,2767,2550,160246.74,57.91
audio,364,350,50688.5,139.25
sports_leisure,8641,7720,988048.97,114.34
computers_accessories,7827,6689,911954.32,116.51
christmas_supplies,153,128,8800.82,57.52
furniture_mattress_and_upholstery,38,38,4368.08,114.95
kitchen_dining_laundry_garden_furniture,281,248,46328.37,164.87
