instant,dteday,season,yr,mnth,holiday,weekday,workingday,weathersit,temp,atemp,hum,windspeed,casual,registered,cnt,humidity_pct,casual_share_pct,humidity_zero_flag
1,2011-01-01,1,0,1,False,6,False,2,0.344167,0.363625,0.805833,0.160446,331,654,985,80.58330000000001,33.60406091370559,False
2,2011-01-02,1,0,1,False,0,False,2,0.363478,0.353739,0.696087,0.248539,131,670,801,69.6087,16.354556803995006,False
3,2011-01-03,1,0,1,False,1,True,1,0.196364,0.189405,0.437273,0.248309,120,1229,1349,43.7273,8.895478131949593,False
4,2011-01-04,1,0,1,False,2,True,1,0.2,0.212122,0.590435,0.160296,108,1454,1562,59.0435,6.9142125480153656,False
5,2011-01-05,1,0,1,False,3,True,1,0.226957,0.22927,0.436957,0.1869,82,1518,1600,43.695699999999995,5.125,False
6,2011-01-06,1,0,1,False,4,True,1,0.204348,0.233209,0.518261,0.0895652,88,1518,1606,51.8261,5.47945205479452,False
7,2011-01-07,1,0,1,False,5,True,2,0.196522,0.208839,0.498696,0.168726,148,1362,1510,49.8696,9.801324503311259,False
8,2011-01-08,1,0,1,False,6,False,2,0.165,0.162254,0.535833,0.266804,68,891,959,53.5833,7.090719499478623,False
9,2011-01-09,1,0,1,False,0,False,1,0.138333,0.116175,0.434167,0.36195,54,768,822,43.416700000000006,6.569343065693431,False
10,2011-01-10,1,0,1,False,1,True,1,0.150833,0.150888,0.482917,0.223267,41,1280,1321,48.2917,3.1037093111279335,False
11,2011-01-11,1,0,1,False,2,True,2,0.169091,0.191464,0.686364,0.122132,43,1220,1263,68.6364,3.4045922406967537,False
12,2011-01-12,1,0,1,False,3,True,1,0.172727,0.160473,0.599545,0.304627,25,1137,1162,59.954499999999996,2.1514629948364887,False
13,2011-01-13,1,0,1,False,4,True,1,0.165,0.150883,0.470417,0.301,38,1368,1406,47.0417,2.7027027027027026,False
14,2011-01-14,1,0,1,False,5,True,1,0.16087,0.188413,0.537826,0.126548,54,1367,1421,53.7826,3.8001407459535534,False
15,2011-01-15,1,0,1,False,6,False,2,0.233333,0.248112,0.49875,0.157963,222,1026,1248,49.875,17.78846153846154,False
16,2011-01-16,1,0,1,False,0,False,1,0.231667,0.234217,0.48375,0.188433,251,953,1204,48.375,20.84717607973422,False
17,2011-01-17,1,0,1,True,1,False,2,0.175833,0.176771,0.5375,0.194017,117,883,1000,53.75,11.700000000000001,False
18,2011-01-18,1,0,1,False,2,True,2,0.216667,0.232333,0.861667,0.146775,9,674,683,86.16669999999999,1.3177159590043925,False
19,2011-01-19,1,0,1,False,3,True,2,0.292174,0.298422,0.741739,0.208317,78,1572,1650,74.1739,4.7272727272727275,False
20,2011-01-20,1,0,1,False,4,True,2,0.261667,0.25505,0.538333,0.195904,83,1844,1927,53.833299999999994,4.307213284898807,False
21,2011-01-21,1,0,1,False,5,True,1,0.1775,0.157833,0.457083,0.353242,75,1468,1543,45.7083,4.860661049902787,False
22,2011-01-22,1,0,1,False,6,False,1,0.0591304,0.0790696,0.4,0.17197,93,888,981,40.0,9.480122324159021,False
23,2011-01-23,1,0,1,False,0,False,1,0.0965217,0.0988391,0.436522,0.2466,150,836,986,43.6522,15.212981744421908,False
24,2011-01-24,1,0,1,False,1,True,1,0.0973913,0.11793,0.491739,0.15833,86,1330,1416,49.173899999999996,6.073446327683616,False
25,2011-01-25,1,0,1,False,2,True,2,0.223478,0.234526,0.616957,0.129796,186,1799,1985,61.695699999999995,9.370277078085643,False
26,2011-01-26,1,0,1,False,3,True,3,0.2175,0.2036,0.8625,0.29385,34,472,506,86.25,6.719367588932807,False
27,2011-01-27,1,0,1,False,4,True,1,0.195,0.2197,0.6875,0.113837,15,416,431,68.75,3.480278422273782,False
28,2011-01-28,1,0,1,False,5,True,2,0.203478,0.223317,0.793043,0.1233,38,1129,1167,79.30430000000001,3.2562125107112254,False
29,2011-01-29,1,0,1,False,6,False,1,0.196522,0.212126,0.651739,0.145365,123,975,1098,65.17389999999999,11.202185792349727,False
30,2011-01-30,1,0,1,False,0,False,1,0.216522,0.250322,0.722174,0.0739826,140,956,1096,72.2174,12.773722627737227,False
31,2011-01-31,1,0,1,False,1,True,2,0.180833,0.18625,0.60375,0.187192,42,1459,1501,60.375,2.798134576948701,False
32,2011-02-01,1,0,2,False,2,True,2,0.192174,0.23453,0.829565,0.053213,47,1313,1360,82.9565,3.4558823529411766,False
33,2011-02-02,1,0,2,False,3,True,2,0.26,0.254417,0.775417,0.264308,72,1454,1526,77.5417,4.718217562254259,False
34,2011-02-03,1,0,2,False,4,True,1,0.186957,0.177878,0.437826,0.277752,61,1489,1550,43.7826,3.9354838709677415,False
35,2011-02-04,1,0,2,False,5,True,2,0.211304,0.228587,0.585217,0.127839,88,1620,1708,58.521699999999996,5.152224824355972,False
36,2011-02-05,1,0,2,False,6,False,2,0.233333,0.243058,0.929167,0.161079,100,905,1005,92.91669999999999,9.950248756218906,False
37,2011-02-06,1,0,2,False,0,False,1,0.285833,0.291671,0.568333,0.1418,354,1269,1623,56.833299999999994,21.811460258780038,False
38,2011-02-07,1,0,2,False,1,True,1,0.271667,0.303658,0.738333,0.0454083,120,1592,1712,73.83330000000001,7.009345794392523,False
39,2011-02-08,1,0,2,False,2,True,1,0.220833,0.198246,0.537917,0.36195,64,1466,1530,53.7917,4.183006535947712,False
40,2011-02-09,1,0,2,False,3,True,2,0.134783,0.144283,0.494783,0.188839,53,1552,1605,49.4783,3.3021806853582554,False
41,2011-02-10,1,0,2,False,4,True,1,0.144348,0.149548,0.437391,0.221935,47,1491,1538,43.7391,3.05591677503251,False
42,2011-02-11,1,0,2,False,5,True,1,0.189091,0.213509,0.506364,0.10855,149,1597,1746,50.6364,8.533791523482245,False
43,2011-02-12,1,0,2,False,6,False,1,0.2225,0.232954,0.544167,0.203367,288,1184,1472,54.4167,19.565217391304348,False
44,2011-02-13,1,0,2,False,0,False,1,0.316522,0.324113,0.457391,0.260883,397,1192,1589,45.7391,24.984266834487098,False
45,2011-02-14,1,0,2,False,1,True,1,0.415,0.39835,0.375833,0.417908,208,1705,1913,37.583299999999994,10.872974385781495,False
46,2011-02-15,1,0,2,False,2,True,1,0.266087,0.254274,0.314348,0.291374,140,1675,1815,31.434800000000003,7.7134986225895315,False
47,2011-02-16,1,0,2,False,3,True,1,0.318261,0.3162,0.423478,0.251791,218,1897,2115,42.3478,10.307328605200945,False
48,2011-02-17,1,0,2,False,4,True,1,0.435833,0.428658,0.505,0.230104,259,2216,2475,50.5,10.464646464646464,False
49,2011-02-18,1,0,2,False,5,True,1,0.521667,0.511983,0.516667,0.264925,579,2348,2927,51.6667,19.781346088144858,False
50,2011-02-19,1,0,2,False,6,False,1,0.399167,0.391404,0.187917,0.507463,532,1103,1635,18.7917,32.53822629969419,False
51,2011-02-20,1,0,2,False,0,False,1,0.285217,0.27733,0.407826,0.223235,639,1173,1812,40.7826,35.264900662251655,False
52,2011-02-21,1,0,2,True,1,False,2,0.303333,0.284075,0.605,0.307846,195,912,1107,60.5,17.615176151761517,False
53,2011-02-22,1,0,2,False,2,True,1,0.182222,0.186033,0.577778,0.195683,74,1376,1450,57.7778,5.103448275862069,False
54,2011-02-23,1,0,2,False,3,True,1,0.221739,0.245717,0.423043,0.094113,139,1778,1917,42.3043,7.250912884715702,False
55,2011-02-24,1,0,2,False,4,True,2,0.295652,0.289191,0.697391,0.250496,100,1707,1807,69.7391,5.534034311012729,False
56,2011-02-25,1,0,2,False,5,True,2,0.364348,0.350461,0.712174,0.346539,120,1341,1461,71.2174,8.213552361396303,False
57,2011-02-26,1,0,2,False,6,False,1,0.2825,0.282192,0.537917,0.186571,424,1545,1969,53.7917,21.53377348908075,False
58,2011-02-27,1,0,2,False,0,False,1,0.343478,0.351109,0.68,0.125248,694,1708,2402,68.0,28.892589508742716,False
59,2011-02-28,1,0,2,False,1,True,2,0.407273,0.400118,0.876364,0.289686,81,1365,1446,87.63640000000001,5.601659751037345,False
60,2011-03-01,1,0,3,False,2,True,1,0.266667,0.263879,0.535,0.216425,137,1714,1851,53.5,7.401404646137223,False
61,2011-03-02,1,0,3,False,3,True,1,0.335,0.320071,0.449583,0.307833,231,1903,2134,44.9583,10.824742268041238,False
62,2011-03-03,1,0,3,False,4,True,1,0.198333,0.200133,0.318333,0.225754,123,1562,1685,31.833299999999998,7.299703264094956,False
63,2011-03-04,1,0,3,False,5,True,2,0.261667,0.255679,0.610417,0.203346,214,1730,1944,61.0417,11.008230452674898,False
64,2011-03-05,1,0,3,False,6,False,2,0.384167,0.378779,0.789167,0.251871,640,1437,2077,78.91669999999999,30.813673567645644,False
65,2011-03-06,1,0,3,False,0,False,2,0.376522,0.366252,0.948261,0.343287,114,491,605,94.8261,18.84297520661157,False
66,2011-03-07,1,0,3,False,1,True,1,0.261739,0.238461,0.551304,0.341352,244,1628,1872,55.1304,13.034188034188036,False
67,2011-03-08,1,0,3,False,2,True,1,0.2925,0.3024,0.420833,0.12065,316,1817,2133,42.0833,14.814814814814813,False
68,2011-03-09,1,0,3,False,3,True,2,0.295833,0.286608,0.775417,0.22015,191,1700,1891,77.5417,10.100475938656796,False
69,2011-03-10,1,0,3,False,4,True,3,0.389091,0.385668,0.0,0.261877,46,577,623,0.0,7.3836276083467105,True
70,2011-03-11,1,0,3,False,5,True,2,0.316522,0.305,0.649565,0.23297,247,1730,1977,64.95649999999999,12.493677288821447,False
71,2011-03-12,1,0,3,False,6,False,1,0.329167,0.32575,0.594583,0.220775,724,1408,2132,59.458299999999994,33.95872420262664,False
72,2011-03-13,1,0,3,False,0,False,1,0.384348,0.380091,0.527391,0.270604,982,1435,2417,52.73910000000001,40.628878775341335,False
73,2011-03-14,1,0,3,False,1,True,1,0.325217,0.332,0.496957,0.136926,359,1687,2046,49.695699999999995,17.546432062561095,False
74,2011-03-15,1,0,3,False,2,True,2,0.317391,0.318178,0.655652,0.184309,289,1767,2056,65.5652,14.056420233463035,False
75,2011-03-16,1,0,3,False,3,True,2,0.365217,0.36693,0.776522,0.203117,321,1871,2192,77.65220000000001,14.644160583941607,False
76,2011-03-17,1,0,3,False,4,True,1,0.415,0.410333,0.602917,0.209579,424,2320,2744,60.291700000000006,15.451895043731778,False
77,2011-03-18,1,0,3,False,5,True,1,0.54,0.527009,0.525217,0.231017,884,2355,3239,52.5217,27.292374189564683,False
78,2011-03-19,1,0,3,False,6,False,1,0.4725,0.466525,0.379167,0.368167,1424,1693,3117,37.9167,45.68495348091113,False
79,2011-03-20,1,0,3,False,0,False,1,0.3325,0.32575,0.47375,0.207721,1047,1424,2471,47.375,42.37150951031971,False
80,2011-03-21,2,0,3,False,1,True,2,0.430435,0.409735,0.737391,0.288783,401,1676,2077,73.73910000000001,19.306692344727974,False
81,2011-03-22,2,0,3,False,2,True,1,0.441667,0.440642,0.624583,0.22575,460,2243,2703,62.4583,17.01812800591935,False
82,2011-03-23,2,0,3,False,3,True,2,0.346957,0.337939,0.839565,0.234261,203,1918,2121,83.9565,9.570957095709572,False
83,2011-03-24,2,0,3,False,4,True,2,0.285,0.270833,0.805833,0.243787,166,1699,1865,80.58330000000001,8.900804289544235,False
84,2011-03-25,2,0,3,False,5,True,1,0.264167,0.256312,0.495,0.230725,300,1910,2210,49.5,13.574660633484163,False
85,2011-03-26,2,0,3,False,6,False,1,0.265833,0.257571,0.394167,0.209571,981,1515,2496,39.4167,39.30288461538461,False
86,2011-03-27,2,0,3,False,0,False,2,0.253043,0.250339,0.493913,0.1843,472,1221,1693,49.3913,27.879503839338454,False
87,2011-03-28,2,0,3,False,1,True,1,0.264348,0.257574,0.302174,0.212204,222,1806,2028,30.2174,10.946745562130179,False
88,2011-03-29,2,0,3,False,2,True,1,0.3025,0.292908,0.314167,0.226996,317,2108,2425,31.4167,13.072164948453608,False
89,2011-03-30,2,0,3,False,3,True,2,0.3,0.29735,0.646667,0.172888,168,1368,1536,64.6667,10.9375,False
90,2011-03-31,2,0,3,False,4,True,3,0.268333,0.257575,0.918333,0.217646,179,1506,1685,91.8333,10.623145400593472,False
91,2011-04-01,2,0,4,False,5,True,2,0.3,0.283454,0.68625,0.258708,307,1920,2227,68.625,13.785361472833408,False
92,2011-04-02,2,0,4,False,6,False,2,0.315,0.315637,0.65375,0.197146,898,1354,2252,65.375,39.87566607460036,False
93,2011-04-03,2,0,4,False,0,False,1,0.378333,0.378767,0.48,0.182213,1651,1598,3249,48.0,50.81563558017852,False
94,2011-04-04,2,0,4,False,1,True,1,0.573333,0.542929,0.42625,0.385571,734,2381,3115,42.625,23.563402889245584,False
95,2011-04-05,2,0,4,False,2,True,2,0.414167,0.39835,0.642083,0.388067,167,1628,1795,64.2083,9.303621169916434,False
96,2011-04-06,2,0,4,False,3,True,1,0.390833,0.387608,0.470833,0.263063,413,2395,2808,47.0833,14.707977207977208,False
97,2011-04-07,2,0,4,False,4,True,1,0.4375,0.433696,0.602917,0.162312,571,2570,3141,60.291700000000006,18.178923909582938,False
98,2011-04-08,2,0,4,False,5,True,2,0.335833,0.324479,0.83625,0.226992,172,1299,1471,83.625,11.692726036709722,False
99,2011-04-09,2,0,4,False,6,False,2,0.3425,0.341529,0.8775,0.133083,879,1576,2455,87.75,35.80448065173116,False
100,2011-04-10,2,0,4,False,0,False,2,0.426667,0.426737,0.8575,0.146767,1188,1707,2895,85.75,41.03626943005182,False
101,2011-04-11,2,0,4,False,1,True,2,0.595652,0.565217,0.716956,0.324474,855,2493,3348,71.6956,25.537634408602152,False
102,2011-04-12,2,0,4,False,2,True,2,0.5025,0.493054,0.739167,0.274879,257,1777,2034,73.9167,12.63520157325467,False
103,2011-04-13,2,0,4,False,3,True,2,0.4125,0.417283,0.819167,0.250617,209,1953,2162,81.91669999999999,9.666975023126735,False
104,2011-04-14,2,0,4,False,4,True,1,0.4675,0.462742,0.540417,0.1107,529,2738,3267,54.041700000000006,16.192225283134373,False
105,2011-04-15,2,0,4,True,5,False,1,0.446667,0.441913,0.67125,0.226375,642,2484,3126,67.125,20.537428023032632,False
106,2011-04-16,2,0,4,False,6,False,3,0.430833,0.425492,0.888333,0.340808,121,674,795,88.83330000000001,15.220125786163521,False
107,2011-04-17,2,0,4,False,0,False,1,0.456667,0.445696,0.479583,0.303496,1558,2186,3744,47.9583,41.613247863247864,False
108,2011-04-18,2,0,4,False,1,True,1,0.5125,0.503146,0.5425,0.163567,669,2760,3429,54.25,19.510061242344705,False
109,2011-04-19,2,0,4,False,2,True,2,0.505833,0.489258,0.665833,0.157971,409,2795,3204,66.5833,12.765293383270912,False
110,2011-04-20,2,0,4,False,3,True,1,0.595,0.564392,0.614167,0.241925,613,3331,3944,61.4167,15.542596348884382,False
111,2011-04-21,2,0,4,False,4,True,1,0.459167,0.453892,0.407083,0.325258,745,3444,4189,40.708299999999994,17.78467414657436,False
112,2011-04-22,2,0,4,False,5,True,2,0.336667,0.321954,0.729583,0.219521,177,1506,1683,72.9583,10.51693404634581,False
113,2011-04-23,2,0,4,False,6,False,2,0.46,0.450121,0.887917,0.230725,1462,2574,4036,88.79169999999999,36.22398414271556,False
114,2011-04-24,2,0,4,False,0,False,2,0.581667,0.551763,0.810833,0.192175,1710,2481,4191,81.08330000000001,40.8017179670723,False
115,2011-04-25,2,0,4,False,1,True,1,0.606667,0.5745,0.776667,0.185333,773,3300,4073,77.6667,18.978639823226125,False
116,2011-04-26,2,0,4,False,2,True,1,0.631667,0.594083,0.729167,0.3265,678,3722,4400,72.9167,15.409090909090908,False
117,2011-04-27,2,0,4,False,3,True,2,0.62,0.575142,0.835417,0.3122,547,3325,3872,83.54169999999999,14.12706611570248,False
118,2011-04-28,2,0,4,False,4,True,2,0.6175,0.578929,0.700833,0.320908,569,3489,4058,70.08330000000001,14.02168555938886,False
119,2011-04-29,2,0,4,False,5,True,1,0.51,0.497463,0.457083,0.240063,878,3717,4595,45.7083,19.10772578890098,False
120,2011-04-30,2,0,4,False,6,False,1,0.4725,0.464021,0.503333,0.235075,1965,3347,5312,50.3333,36.99171686746988,False
121,2011-05-01,2,0,5,False,0,False,2,0.451667,0.448204,0.762083,0.106354,1138,2213,3351,76.2083,33.9600119367353,False
122,2011-05-02,2,0,5,False,1,True,2,0.549167,0.532833,0.73,0.183454,847,3554,4401,73.0,19.24562599409225,False
123,2011-05-03,2,0,5,False,2,True,2,0.616667,0.582079,0.697083,0.342667,603,3848,4451,69.7083,13.54751741181757,False
124,2011-05-04,2,0,5,False,3,True,2,0.414167,0.40465,0.737083,0.328996,255,2378,2633,73.70830000000001,9.684770224078997,False
125,2011-05-05,2,0,5,False,4,True,1,0.459167,0.441917,0.444167,0.295392,614,3819,4433,44.4167,13.85066546356869,False
126,2011-05-06,2,0,5,False,5,True,1,0.479167,0.474117,0.59,0.228246,894,3714,4608,59.0,19.401041666666664,False
127,2011-05-07,2,0,5,False,6,False,1,0.52,0.512621,0.54125,0.16045,1612,3102,4714,54.125,34.19601187950785,False
128,2011-05-08,2,0,5,False,0,False,1,0.528333,0.518933,0.631667,0.0746375,1401,2932,4333,63.1667,32.3332564043388,False
129,2011-05-09,2,0,5,False,1,True,1,0.5325,0.525246,0.58875,0.176,664,3698,4362,58.875,15.222375057313158,False
130,2011-05-10,2,0,5,False,2,True,1,0.5325,0.522721,0.489167,0.115671,694,4109,4803,48.9167,14.449302519258797,False
131,2011-05-11,2,0,5,False,3,True,1,0.5425,0.5284,0.632917,0.120642,550,3632,4182,63.29169999999999,13.151602104256337,False
132,2011-05-12,2,0,5,False,4,True,1,0.535,0.523363,0.7475,0.189667,695,4169,4864,74.75,14.288651315789474,False
133,2011-05-13,2,0,5,False,5,True,2,0.5125,0.4943,0.863333,0.179725,692,3413,4105,86.33330000000001,16.857490864799026,False
134,2011-05-14,2,0,5,False,6,False,2,0.520833,0.500629,0.9225,0.13495,902,2507,3409,92.25,26.459372249926666,False
135,2011-05-15,2,0,5,False,0,False,2,0.5625,0.536,0.867083,0.152979,1582,2971,4553,86.70830000000001,34.74632110696244,False
136,2011-05-16,2,0,5,False,1,True,1,0.5775,0.550512,0.787917,0.126871,773,3185,3958,78.79169999999999,19.530065689742294,False
137,2011-05-17,2,0,5,False,2,True,2,0.561667,0.538529,0.837917,0.277354,678,3445,4123,83.7917,16.444336648071793,False
138,2011-05-18,2,0,5,False,3,True,2,0.55,0.527158,0.87,0.201492,536,3319,3855,87.0,13.90402075226978,False
139,2011-05-19,2,0,5,False,4,True,2,0.530833,0.510742,0.829583,0.108213,735,3840,4575,82.9583,16.065573770491802,False
140,2011-05-20,2,0,5,False,5,True,1,0.536667,0.529042,0.719583,0.125013,909,4008,4917,71.9583,18.48688224527151,False
141,2011-05-21,2,0,5,False,6,False,1,0.6025,0.571975,0.626667,0.12065,2258,3547,5805,62.6667,38.897502153316104,False
142,2011-05-22,2,0,5,False,0,False,1,0.604167,0.5745,0.749583,0.148008,1576,3084,4660,74.9583,33.81974248927039,False
143,2011-05-23,2,0,5,False,1,True,2,0.631667,0.590296,0.81,0.233842,836,3438,4274,81.0,19.560131024801123,False
144,2011-05-24,2,0,5,False,2,True,2,0.66,0.604813,0.740833,0.207092,659,3833,4492,74.0833,14.67052537845058,False
145,2011-05-25,2,0,5,False,3,True,1,0.660833,0.615542,0.69625,0.154233,740,4238,4978,69.625,14.865407794294896,False
146,2011-05-26,2,0,5,False,4,True,1,0.708333,0.654688,0.6775,0.199642,758,3919,4677,67.75,16.206970280094076,False
147,2011-05-27,2,0,5,False,5,True,1,0.681667,0.637008,0.65375,0.240679,871,3808,4679,65.375,18.61508869416542,False
148,2011-05-28,2,0,5,False,6,False,1,0.655833,0.612379,0.729583,0.230092,2001,2757,4758,72.9583,42.055485498108446,False
149,2011-05-29,2,0,5,False,0,False,1,0.6675,0.61555,0.81875,0.213938,2355,2433,4788,81.875,49.18546365914787,False
150,2011-05-30,2,0,5,True,1,False,1,0.733333,0.671092,0.685,0.131225,1549,2549,4098,68.5,37.79892630551488,False
151,2011-05-31,2,0,5,False,2,True,1,0.775,0.725383,0.636667,0.111329,673,3309,3982,63.6667,16.90105474635861,False
152,2011-06-01,2,0,6,False,3,True,2,0.764167,0.720967,0.677083,0.207092,513,3461,3974,67.7083,12.908907901358832,False
153,2011-06-02,2,0,6,False,4,True,1,0.715,0.643942,0.305,0.292287,736,4232,4968,30.5,14.814814814814813,False
154,2011-06-03,2,0,6,False,5,True,1,0.62,0.587133,0.354167,0.253121,898,4414,5312,35.4167,16.90512048192771,False
155,2011-06-04,2,0,6,False,6,False,1,0.635,0.594696,0.45625,0.123142,1869,3473,5342,45.625,34.986896293523024,False
156,2011-06-05,2,0,6,False,0,False,2,0.648333,0.616804,0.6525,0.138692,1685,3221,4906,65.25,34.34569914390542,False
157,2011-06-06,2,0,6,False,1,True,1,0.678333,0.621858,0.6,0.121896,673,3875,4548,60.0,14.797713280562885,False
158,2011-06-07,2,0,6,False,2,True,1,0.7075,0.65595,0.597917,0.187808,763,4070,4833,59.791700000000006,15.787295675563831,False
159,2011-06-08,2,0,6,False,3,True,1,0.775833,0.727279,0.622083,0.136817,676,3725,4401,62.20830000000001,15.360145421495114,False
160,2011-06-09,2,0,6,False,4,True,2,0.808333,0.757579,0.568333,0.149883,563,3352,3915,56.833299999999994,14.38058748403576,False
161,2011-06-10,2,0,6,False,5,True,1,0.755,0.703292,0.605,0.140554,815,3771,4586,60.5,17.771478412559965,False
162,2011-06-11,2,0,6,False,6,False,1,0.725,0.678038,0.654583,0.15485,1729,3237,4966,65.45830000000001,34.81675392670157,False
163,2011-06-12,2,0,6,False,0,False,1,0.6925,0.643325,0.747917,0.163567,1467,2993,4460,74.7917,32.89237668161435,False
164,2011-06-13,2,0,6,False,1,True,1,0.635,0.601654,0.494583,0.30535,863,4157,5020,49.4583,17.191235059760956,False
165,2011-06-14,2,0,6,False,2,True,1,0.604167,0.591546,0.507083,0.269283,727,4164,4891,50.708299999999994,14.864035984461255,False
166,2011-06-15,2,0,6,False,3,True,1,0.626667,0.587754,0.471667,0.167912,769,4411,5180,47.1667,14.845559845559844,False
167,2011-06-16,2,0,6,False,4,True,2,0.628333,0.595346,0.688333,0.206471,545,3222,3767,68.8333,14.467746217148925,False
168,2011-06-17,2,0,6,False,5,True,1,0.649167,0.600383,0.735833,0.143029,863,3981,4844,73.5833,17.81585466556565,False
169,2011-06-18,2,0,6,False,6,False,1,0.696667,0.643954,0.670417,0.119408,1807,3312,5119,67.0417,35.299863254541904,False
170,2011-06-19,2,0,6,False,0,False,2,0.699167,0.645846,0.666667,0.102,1639,3105,4744,66.6667,34.548903878583474,False
171,2011-06-20,2,0,6,False,1,True,2,0.635,0.595346,0.74625,0.155475,699,3311,4010,74.625,17.43142144638404,False
172,2011-06-21,3,0,6,False,2,True,2,0.680833,0.637646,0.770417,0.171025,774,4061,4835,77.0417,16.008273009307135,False
173,2011-06-22,3,0,6,False,3,True,1,0.733333,0.693829,0.7075,0.172262,661,3846,4507,70.75,14.666074994453075,False
174,2011-06-23,3,0,6,False,4,True,2,0.728333,0.693833,0.703333,0.238804,746,4044,4790,70.3333,15.5741127348643,False
175,2011-06-24,3,0,6,False,5,True,1,0.724167,0.656583,0.573333,0.222025,969,4022,4991,57.3333,19.41494690442797,False
176,2011-06-25,3,0,6,False,6,False,1,0.695,0.643313,0.483333,0.209571,1782,3420,5202,48.3333,34.2560553633218,False
177,2011-06-26,3,0,6,False,0,False,1,0.68,0.637629,0.513333,0.0945333,1920,3385,5305,51.3333,36.19227144203582,False
178,2011-06-27,3,0,6,False,1,True,2,0.6825,0.637004,0.658333,0.107588,854,3854,4708,65.8333,18.139337298215803,False
179,2011-06-28,3,0,6,False,2,True,1,0.744167,0.692558,0.634167,0.144283,732,3916,4648,63.416700000000006,15.748709122203097,False
180,2011-06-29,3,0,6,False,3,True,1,0.728333,0.654688,0.497917,0.261821,848,4377,5225,49.7917,16.229665071770334,False
181,2011-06-30,3,0,6,False,4,True,1,0.696667,0.637008,0.434167,0.185312,1027,4488,5515,43.416700000000006,18.621940163191297,False
182,2011-07-01,3,0,7,False,5,True,1,0.7225,0.652162,0.39625,0.102608,1246,4116,5362,39.625,23.237597911227155,False
183,2011-07-02,3,0,7,False,6,False,1,0.738333,0.667308,0.444583,0.115062,2204,2915,5119,44.4583,43.05528423520219,False
184,2011-07-03,3,0,7,False,0,False,2,0.716667,0.668575,0.6825,0.228858,2282,2367,4649,68.25,49.085824908582495,False
185,2011-07-04,3,0,7,True,1,False,2,0.726667,0.665417,0.637917,0.0814792,3065,2978,6043,63.7917,50.71984113850736,False
186,2011-07-05,3,0,7,False,2,True,1,0.746667,0.696338,0.590417,0.126258,1031,3634,4665,59.0417,22.10075026795284,False
187,2011-07-06,3,0,7,False,3,True,1,0.72,0.685633,0.743333,0.149883,784,3845,4629,74.33330000000001,16.936703391661265,False
188,2011-07-07,3,0,7,False,4,True,1,0.75,0.686871,0.65125,0.1592,754,3838,4592,65.125,16.4198606271777,False
189,2011-07-08,3,0,7,False,5,True,2,0.709167,0.670483,0.757917,0.225129,692,3348,4040,75.79169999999999,17.12871287128713,False
190,2011-07-09,3,0,7,False,6,False,1,0.733333,0.664158,0.609167,0.167912,1988,3348,5336,60.9167,37.25637181409295,False
191,2011-07-10,3,0,7,False,0,False,1,0.7475,0.690025,0.578333,0.183471,1743,3138,4881,57.8333,35.709895513214505,False
192,2011-07-11,3,0,7,False,1,True,1,0.7625,0.729804,0.635833,0.282337,723,3363,4086,63.5833,17.694566813509542,False
193,2011-07-12,3,0,7,False,2,True,1,0.794167,0.739275,0.559167,0.200254,662,3596,4258,55.9167,15.547205260685768,False
194,2011-07-13,3,0,7,False,3,True,1,0.746667,0.689404,0.631667,0.146133,748,3594,4342,63.1667,17.227084292952558,False
195,2011-07-14,3,0,7,False,4,True,1,0.680833,0.635104,0.47625,0.240667,888,4196,5084,47.625,17.466561762391816,False
196,2011-07-15,3,0,7,False,5,True,1,0.663333,0.624371,0.59125,0.182833,1318,4220,5538,59.12500000000001,23.799205489346335,False
197,2011-07-16,3,0,7,False,6,False,1,0.686667,0.638263,0.585,0.208342,2418,3505,5923,58.5,40.823906803984464,False
198,2011-07-17,3,0,7,False,0,False,1,0.719167,0.669833,0.604167,0.245033,2006,3296,5302,60.4167,37.834779328555264,False
199,2011-07-18,3,0,7,False,1,True,1,0.746667,0.703925,0.65125,0.215804,841,3617,4458,65.125,18.864961866307763,False
200,2011-07-19,3,0,7,False,2,True,1,0.776667,0.747479,0.650417,0.1306,752,3789,4541,65.0417,16.560229024443952,False
201,2011-07-20,3,0,7,False,3,True,1,0.768333,0.74685,0.707083,0.113817,644,3688,4332,70.70830000000001,14.866112650046167,False
202,2011-07-21,3,0,7,False,4,True,2,0.815,0.826371,0.69125,0.222021,632,3152,3784,69.125,16.701902748414376,False
203,2011-07-22,3,0,7,False,5,True,1,0.848333,0.840896,0.580417,0.1331,562,2825,3387,58.0417,16.592855033953352,False
204,2011-07-23,3,0,7,False,6,False,1,0.849167,0.804287,0.5,0.131221,987,2298,3285,50.0,30.04566210045662,False
205,2011-07-24,3,0,7,False,0,False,1,0.83,0.794829,0.550833,0.169171,1050,2556,3606,55.0833,29.11813643926789,False
206,2011-07-25,3,0,7,False,1,True,1,0.743333,0.720958,0.757083,0.0908083,568,3272,3840,75.7083,14.791666666666666,False
207,2011-07-26,3,0,7,False,2,True,1,0.771667,0.696979,0.540833,0.200258,750,3840,4590,54.0833,16.33986928104575,False
208,2011-07-27,3,0,7,False,3,True,1,0.775,0.690667,0.402917,0.183463,755,3901,4656,40.291700000000006,16.215635738831615,False
209,2011-07-28,3,0,7,False,4,True,1,0.779167,0.7399,0.583333,0.178479,606,3784,4390,58.3333,13.804100227790434,False
210,2011-07-29,3,0,7,False,5,True,1,0.838333,0.785967,0.5425,0.174138,670,3176,3846,54.25,17.420696827873115,False
211,2011-07-30,3,0,7,False,6,False,1,0.804167,0.728537,0.465833,0.168537,1559,2916,4475,46.5833,34.83798882681564,False
212,2011-07-31,3,0,7,False,0,False,1,0.805833,0.729796,0.480833,0.164813,1524,2778,4302,48.0833,35.425383542538356,False
213,2011-08-01,3,0,8,False,1,True,1,0.771667,0.703292,0.550833,0.156717,729,3537,4266,55.0833,17.088607594936708,False
214,2011-08-02,3,0,8,False,2,True,1,0.783333,0.707071,0.49125,0.20585,801,4044,4845,49.125,16.53250773993808,False
215,2011-08-03,3,0,8,False,3,True,2,0.731667,0.679937,0.6575,0.135583,467,3107,3574,65.75,13.06659205372132,False
216,2011-08-04,3,0,8,False,4,True,2,0.71,0.664788,0.7575,0.19715,799,3777,4576,75.75,17.460664335664337,False
217,2011-08-05,3,0,8,False,5,True,1,0.710833,0.656567,0.630833,0.184696,1023,3843,4866,63.083299999999994,21.023427866831074,False
218,2011-08-06,3,0,8,False,6,False,2,0.716667,0.676154,0.755,0.22825,1521,2773,4294,75.5,35.42151839776432,False
219,2011-08-07,3,0,8,False,0,False,1,0.7425,0.715292,0.752917,0.201487,1298,2487,3785,75.29169999999999,34.293262879788635,False
220,2011-08-08,3,0,8,False,1,True,1,0.765,0.703283,0.592083,0.192175,846,3480,4326,59.2083,19.55617198335645,False
221,2011-08-09,3,0,8,False,2,True,1,0.775,0.724121,0.570417,0.151121,907,3695,4602,57.04169999999999,19.708822251195134,False
222,2011-08-10,3,0,8,False,3,True,1,0.766667,0.684983,0.424167,0.200258,884,3896,4780,42.4167,18.493723849372383,False
223,2011-08-11,3,0,8,False,4,True,1,0.7175,0.651521,0.42375,0.164796,812,3980,4792,42.375,16.9449081803005,False
224,2011-08-12,3,0,8,False,5,True,1,0.708333,0.654042,0.415,0.125621,1051,3854,4905,41.5,21.42711518858308,False
225,2011-08-13,3,0,8,False,6,False,2,0.685833,0.645858,0.729583,0.211454,1504,2646,4150,72.9583,36.24096385542169,False
226,2011-08-14,3,0,8,False,0,False,2,0.676667,0.624388,0.8175,0.222633,1338,2482,3820,81.75,35.026178010471206,False
227,2011-08-15,3,0,8,False,1,True,1,0.665833,0.616167,0.712083,0.208954,775,3563,4338,71.20830000000001,17.865375749193177,False
228,2011-08-16,3,0,8,False,2,True,1,0.700833,0.645837,0.578333,0.236329,721,4004,4725,57.8333,15.259259259259258,False
229,2011-08-17,3,0,8,False,3,True,1,0.723333,0.666671,0.575417,0.143667,668,4026,4694,57.5417,14.230933106092886,False
230,2011-08-18,3,0,8,False,4,True,1,0.711667,0.662258,0.654583,0.233208,639,3166,3805,65.45830000000001,16.793692509855454,False
231,2011-08-19,3,0,8,False,5,True,2,0.685,0.633221,0.722917,0.139308,797,3356,4153,72.2917,19.190946303876714,False
232,2011-08-20,3,0,8,False,6,False,1,0.6975,0.648996,0.674167,0.104467,1914,3277,5191,67.41669999999999,36.87150837988827,False
233,2011-08-21,3,0,8,False,0,False,1,0.710833,0.675525,0.77,0.248754,1249,2624,3873,77.0,32.24890265943713,False
234,2011-08-22,3,0,8,False,1,True,1,0.691667,0.638254,0.47,0.27675,833,3925,4758,47.0,17.507356031946195,False
235,2011-08-23,3,0,8,False,2,True,1,0.640833,0.606067,0.455417,0.146763,1281,4614,5895,45.5417,21.73027989821883,False
236,2011-08-24,3,0,8,False,3,True,1,0.673333,0.630692,0.605,0.253108,949,4181,5130,60.5,18.499025341130604,False
237,2011-08-25,3,0,8,False,4,True,2,0.684167,0.645854,0.771667,0.210833,435,3107,3542,77.1667,12.28119706380576,False
238,2011-08-26,3,0,8,False,5,True,1,0.7,0.659733,0.76125,0.0839625,768,3893,4661,76.125,16.477150826003005,False
239,2011-08-27,3,0,8,False,6,False,2,0.68,0.635556,0.85,0.375617,226,889,1115,85.0,20.269058295964125,False
240,2011-08-28,3,0,8,False,0,False,1,0.707059,0.647959,0.561765,0.304659,1415,2919,4334,56.1765,32.648823257960316,False
241,2011-08-29,3,0,8,False,1,True,1,0.636667,0.607958,0.554583,0.159825,729,3905,4634,55.45830000000001,15.73154941735002,False
242,2011-08-30,3,0,8,False,2,True,1,0.639167,0.594704,0.548333,0.125008,775,4429,5204,54.833299999999994,14.8923904688701,False
243,2011-08-31,3,0,8,False,3,True,1,0.656667,0.611121,0.597917,0.0833333,688,4370,5058,59.791700000000006,13.602214313958086,False
244,2011-09-01,3,0,9,False,4,True,1,0.655,0.614921,0.639167,0.141796,783,4332,5115,63.916700000000006,15.30791788856305,False
245,2011-09-02,3,0,9,False,5,True,2,0.643333,0.604808,0.727083,0.139929,875,3852,4727,72.70830000000001,18.510683308652425,False
246,2011-09-03,3,0,9,False,6,False,1,0.669167,0.633213,0.716667,0.185325,1935,2549,4484,71.6667,43.153434433541484,False
247,2011-09-04,3,0,9,False,0,False,1,0.709167,0.665429,0.742083,0.206467,2521,2419,4940,74.20830000000001,51.03238866396761,False
248,2011-09-05,3,0,9,True,1,False,2,0.673333,0.625646,0.790417,0.212696,1236,2115,3351,79.0417,36.88451208594449,False
249,2011-09-06,3,0,9,False,2,True,3,0.54,0.5152,0.886957,0.343943,204,2506,2710,88.6957,7.527675276752767,False
250,2011-09-07,3,0,9,False,3,True,3,0.599167,0.544229,0.917083,0.0970208,118,1878,1996,91.7083,5.911823647294589,False
251,2011-09-08,3,0,9,False,4,True,3,0.633913,0.555361,0.939565,0.192748,153,1689,1842,93.9565,8.306188925081432,False
252,2011-09-09,3,0,9,False,5,True,2,0.65,0.578946,0.897917,0.124379,417,3127,3544,89.79169999999999,11.766365688487584,False
253,2011-09-10,3,0,9,False,6,False,1,0.66,0.607962,0.75375,0.153608,1750,3595,5345,75.375,32.74087932647334,False
254,2011-09-11,3,0,9,False,0,False,1,0.653333,0.609229,0.71375,0.115054,1633,3413,5046,71.375,32.362267142290925,False
255,2011-09-12,3,0,9,False,1,True,1,0.644348,0.60213,0.692174,0.088913,690,4023,4713,69.2174,14.64035646085296,False
256,2011-09-13,3,0,9,False,2,True,1,0.650833,0.603554,0.7125,0.141804,701,4062,4763,71.25,14.717614948561831,False
257,2011-09-14,3,0,9,False,3,True,1,0.673333,0.6269,0.697083,0.1673,647,4138,4785,69.7083,13.521421107628004,False
258,2011-09-15,3,0,9,False,4,True,2,0.5775,0.553671,0.709167,0.271146,428,3231,3659,70.9167,11.697185023230391,False
259,2011-09-16,3,0,9,False,5,True,2,0.469167,0.461475,0.590417,0.164183,742,4018,4760,59.0417,15.588235294117647,False
260,2011-09-17,3,0,9,False,6,False,2,0.491667,0.478512,0.718333,0.189675,1434,3077,4511,71.8333,31.788960319219683,False
261,2011-09-18,3,0,9,False,0,False,1,0.5075,0.490537,0.695,0.178483,1353,2921,4274,69.5,31.656527842770238,False
262,2011-09-19,3,0,9,False,1,True,2,0.549167,0.529675,0.69,0.151742,691,3848,4539,69.0,15.2236175369024,False
263,2011-09-20,3,0,9,False,2,True,2,0.561667,0.532217,0.88125,0.134954,438,3203,3641,88.125,12.029662180719583,False
264,2011-09-21,3,0,9,False,3,True,2,0.595,0.550533,0.9,0.0964042,539,3813,4352,90.0,12.385110294117647,False
265,2011-09-22,3,0,9,False,4,True,2,0.628333,0.554963,0.902083,0.128125,555,4240,4795,90.2083,11.574556830031282,False
266,2011-09-23,4,0,9,False,5,True,2,0.609167,0.522125,0.9725,0.0783667,258,2137,2395,97.25,10.772442588726513,False
267,2011-09-24,4,0,9,False,6,False,2,0.606667,0.564412,0.8625,0.0783833,1776,3647,5423,86.25,32.749400700719164,False
268,2011-09-25,4,0,9,False,0,False,2,0.634167,0.572637,0.845,0.0503792,1544,3466,5010,84.5,30.81836327345309,False
269,2011-09-26,4,0,9,False,1,True,2,0.649167,0.589042,0.848333,0.1107,684,3946,4630,84.8333,14.773218142548597,False
270,2011-09-27,4,0,9,False,2,True,2,0.636667,0.574525,0.885417,0.118171,477,3643,4120,88.5417,11.577669902912621,False
271,2011-09-28,4,0,9,False,3,True,2,0.635,0.575158,0.84875,0.148629,480,3427,3907,84.875,12.285641156897874,False
272,2011-09-29,4,0,9,False,4,True,1,0.616667,0.574512,0.699167,0.172883,653,4186,4839,69.91669999999999,13.494523661913618,False
273,2011-09-30,4,0,9,False,5,True,1,0.564167,0.544829,0.6475,0.206475,830,4372,5202,64.75,15.955401768550557,False
274,2011-10-01,4,0,10,False,6,False,2,0.41,0.412863,0.75375,0.292296,480,1949,2429,75.375,19.761218608480856,False
275,2011-10-02,4,0,10,False,0,False,2,0.356667,0.345317,0.791667,0.222013,616,2302,2918,79.1667,21.110349554489378,False
276,2011-10-03,4,0,10,False,1,True,2,0.384167,0.392046,0.760833,0.0833458,330,3240,3570,76.0833,9.243697478991598,False
277,2011-10-04,4,0,10,False,2,True,1,0.484167,0.472858,0.71,0.205854,486,3970,4456,71.0,10.906642728904847,False
278,2011-10-05,4,0,10,False,3,True,1,0.538333,0.527138,0.647917,0.17725,559,4267,4826,64.79169999999999,11.583091587235806,False
279,2011-10-06,4,0,10,False,4,True,1,0.494167,0.480425,0.620833,0.134954,639,4126,4765,62.083299999999994,13.410283315844701,False
280,2011-10-07,4,0,10,False,5,True,1,0.510833,0.504404,0.684167,0.0223917,949,4036,4985,68.41669999999999,19.037111334002006,False
281,2011-10-08,4,0,10,False,6,False,1,0.521667,0.513242,0.70125,0.0454042,2235,3174,5409,70.125,41.32002218524681,False
282,2011-10-09,4,0,10,False,0,False,1,0.540833,0.523983,0.7275,0.06345,2397,3114,5511,72.75,43.49482852476865,False
283,2011-10-10,4,0,10,True,1,False,1,0.570833,0.542925,0.73375,0.0423042,1514,3603,5117,73.375,29.58764901309361,False
284,2011-10-11,4,0,10,False,2,True,2,0.566667,0.546096,0.80875,0.143042,667,3896,4563,80.875,14.617576156037696,False
285,2011-10-12,4,0,10,False,3,True,3,0.543333,0.517717,0.90625,0.24815,217,2199,2416,90.625,8.9817880794702,False
286,2011-10-13,4,0,10,False,4,True,2,0.589167,0.551804,0.896667,0.141787,290,2623,2913,89.6667,9.955372468245795,False
287,2011-10-14,4,0,10,False,5,True,2,0.550833,0.529675,0.71625,0.223883,529,3115,3644,71.625,14.517014270032929,False
288,2011-10-15,4,0,10,False,6,False,1,0.506667,0.498725,0.483333,0.258083,1899,3318,5217,48.3333,36.400230017251296,False
289,2011-10-16,4,0,10,False,0,False,1,0.511667,0.503154,0.486667,0.281717,1748,3293,5041,48.6667,34.67565959135092,False
290,2011-10-17,4,0,10,False,1,True,1,0.534167,0.510725,0.579583,0.175379,713,3857,4570,57.958299999999994,15.60175054704595,False
291,2011-10-18,4,0,10,False,2,True,2,0.5325,0.522721,0.701667,0.110087,637,4111,4748,70.1667,13.416175231676494,False
292,2011-10-19,4,0,10,False,3,True,3,0.541739,0.513848,0.895217,0.243339,254,2170,2424,89.52170000000001,10.478547854785479,False
293,2011-10-20,4,0,10,False,4,True,1,0.475833,0.466525,0.63625,0.422275,471,3724,4195,63.625,11.227651966626937,False
294,2011-10-21,4,0,10,False,5,True,1,0.4275,0.423596,0.574167,0.221396,676,3628,4304,57.4167,15.706319702602231,False
295,2011-10-22,4,0,10,False,6,False,1,0.4225,0.425492,0.629167,0.0926667,1499,2809,4308,62.916700000000006,34.79572887650882,False
296,2011-10-23,4,0,10,False,0,False,1,0.421667,0.422333,0.74125,0.0995125,1619,2762,4381,74.125,36.955033097466334,False
297,2011-10-24,4,0,10,False,1,True,1,0.463333,0.457067,0.772083,0.118792,699,3488,4187,77.2083,16.69453069023167,False
298,2011-10-25,4,0,10,False,2,True,1,0.471667,0.463375,0.622917,0.166658,695,3992,4687,62.291700000000006,14.828248346490291,False
299,2011-10-26,4,0,10,False,3,True,2,0.484167,0.472846,0.720417,0.148642,404,3490,3894,72.04169999999999,10.374935798664612,False
300,2011-10-27,4,0,10,False,4,True,2,0.47,0.457046,0.812917,0.197763,240,2419,2659,81.2917,9.025949605114706,False
301,2011-10-28,4,0,10,False,5,True,2,0.330833,0.318812,0.585833,0.229479,456,3291,3747,58.58330000000001,12.169735788630904,False
302,2011-10-29,4,0,10,False,6,False,3,0.254167,0.227913,0.8825,0.351371,57,570,627,88.25,9.090909090909092,False
303,2011-10-30,4,0,10,False,0,False,1,0.319167,0.321329,0.62375,0.176617,885,2446,3331,62.375,26.568598018613027,False
304,2011-10-31,4,0,10,False,1,True,1,0.34,0.356063,0.703333,0.10635,362,3307,3669,70.3333,9.866448623603162,False
305,2011-11-01,4,0,11,False,2,True,1,0.400833,0.397088,0.68375,0.135571,410,3658,4068,68.375,10.07866273352999,False
306,2011-11-02,4,0,11,False,3,True,1,0.3775,0.390133,0.71875,0.0820917,370,3816,4186,71.875,8.838987099856666,False
307,2011-11-03,4,0,11,False,4,True,1,0.408333,0.405921,0.702083,0.136817,318,3656,3974,70.20830000000001,8.002013085052843,False
308,2011-11-04,4,0,11,False,5,True,2,0.403333,0.403392,0.6225,0.271779,470,3576,4046,62.25000000000001,11.61641127039051,False
309,2011-11-05,4,0,11,False,6,False,1,0.326667,0.323854,0.519167,0.189062,1156,2770,3926,51.916700000000006,29.44472745797249,False
310,2011-11-06,4,0,11,False,0,False,1,0.348333,0.362358,0.734583,0.0920542,952,2697,3649,73.4583,26.089339545080843,False
311,2011-11-07,4,0,11,False,1,True,1,0.395,0.400871,0.75875,0.057225,373,3662,4035,75.875,9.244114002478316,False
312,2011-11-08,4,0,11,False,2,True,1,0.408333,0.412246,0.721667,0.0690375,376,3829,4205,72.16669999999999,8.941736028537456,False
313,2011-11-09,4,0,11,False,3,True,1,0.4,0.409079,0.758333,0.0621958,305,3804,4109,75.83330000000001,7.422730591384766,False
314,2011-11-10,4,0,11,False,4,True,2,0.38,0.373721,0.813333,0.189067,190,2743,2933,81.3333,6.4780088646437095,False
315,2011-11-11,4,0,11,True,5,False,1,0.324167,0.306817,0.44625,0.314675,440,2928,3368,44.625,13.064133016627078,False
316,2011-11-12,4,0,11,False,6,False,1,0.356667,0.357942,0.552917,0.212062,1275,2792,4067,55.2917,31.349889353331694,False
317,2011-11-13,4,0,11,False,0,False,1,0.440833,0.43055,0.458333,0.281721,1004,2713,3717,45.8333,27.011030400860907,False
318,2011-11-14,4,0,11,False,1,True,1,0.53,0.524612,0.587083,0.306596,595,3891,4486,58.7083,13.26348640213999,False
319,2011-11-15,4,0,11,False,2,True,2,0.53,0.507579,0.68875,0.199633,449,3746,4195,68.875,10.70321811680572,False
320,2011-11-16,4,0,11,False,3,True,3,0.456667,0.451988,0.93,0.136829,145,1672,1817,93.0,7.98018712162906,False
321,2011-11-17,4,0,11,False,4,True,2,0.341667,0.323221,0.575833,0.305362,139,2914,3053,57.5833,4.552898788077301,False
322,2011-11-18,4,0,11,False,5,True,1,0.274167,0.272721,0.41,0.168533,245,3147,3392,41.0,7.222877358490567,False
323,2011-11-19,4,0,11,False,6,False,1,0.329167,0.324483,0.502083,0.224496,943,2720,3663,50.208299999999994,25.743925743925743,False
324,2011-11-20,4,0,11,False,0,False,2,0.463333,0.457058,0.684583,0.18595,787,2733,3520,68.45830000000001,22.357954545454543,False
325,2011-11-21,4,0,11,False,1,True,3,0.4475,0.445062,0.91,0.138054,220,2545,2765,91.0,7.956600361663653,False
326,2011-11-22,4,0,11,False,2,True,3,0.416667,0.421696,0.9625,0.118792,69,1538,1607,96.25,4.293714996888612,False
327,2011-11-23,4,0,11,False,3,True,2,0.440833,0.430537,0.757917,0.335825,112,2454,2566,75.79169999999999,4.364770070148091,False
328,2011-11-24,4,0,11,True,4,False,1,0.373333,0.372471,0.549167,0.167304,560,935,1495,54.9167,37.45819397993311,False
329,2011-11-25,4,0,11,False,5,True,1,0.375,0.380671,0.64375,0.0988958,1095,1697,2792,64.375,39.21919770773639,False
330,2011-11-26,4,0,11,False,6,False,1,0.375833,0.385087,0.681667,0.0684208,1249,1819,3068,68.1667,40.710560625814864,False
331,2011-11-27,4,0,11,False,0,False,1,0.459167,0.4558,0.698333,0.208954,810,2261,3071,69.8333,26.37577336372517,False
332,2011-11-28,4,0,11,False,1,True,1,0.503478,0.490122,0.743043,0.142122,253,3614,3867,74.3043,6.542539436255495,False
333,2011-11-29,4,0,11,False,2,True,2,0.458333,0.451375,0.830833,0.258092,96,2818,2914,83.08330000000001,3.2944406314344548,False
334,2011-11-30,4,0,11,False,3,True,1,0.325,0.311221,0.613333,0.271158,188,3425,3613,61.3333,5.203432050927207,False
335,2011-12-01,4,0,12,False,4,True,1,0.3125,0.305554,0.524583,0.220158,182,3545,3727,52.4583,4.883284142742152,False
336,2011-12-02,4,0,12,False,5,True,1,0.314167,0.331433,0.625833,0.100754,268,3672,3940,62.583299999999994,6.802030456852792,False
337,2011-12-03,4,0,12,False,6,False,1,0.299167,0.310604,0.612917,0.0957833,706,2908,3614,61.291700000000006,19.53514111787493,False
338,2011-12-04,4,0,12,False,0,False,1,0.330833,0.3491,0.775833,0.0839583,634,2851,3485,77.5833,18.1922525107604,False
339,2011-12-05,4,0,12,False,1,True,2,0.385833,0.393925,0.827083,0.0622083,233,3578,3811,82.70830000000001,6.113880871162425,False
340,2011-12-06,4,0,12,False,2,True,3,0.4625,0.4564,0.949583,0.232583,126,2468,2594,94.9583,4.857363145720894,False
341,2011-12-07,4,0,12,False,3,True,3,0.41,0.400246,0.970417,0.266175,50,655,705,97.04169999999999,7.092198581560284,False
342,2011-12-08,4,0,12,False,4,True,1,0.265833,0.256938,0.58,0.240058,150,3172,3322,57.99999999999999,4.515352197471403,False
343,2011-12-09,4,0,12,False,5,True,1,0.290833,0.317542,0.695833,0.0827167,261,3359,3620,69.58330000000001,7.209944751381216,False
344,2011-12-10,4,0,12,False,6,False,1,0.275,0.266412,0.5075,0.233221,502,2688,3190,50.74999999999999,15.73667711598746,False
345,2011-12-11,4,0,12,False,0,False,1,0.220833,0.253154,0.49,0.0665417,377,2366,2743,49.0,13.744075829383887,False
346,2011-12-12,4,0,12,False,1,True,1,0.238333,0.270196,0.670833,0.06345,143,3167,3310,67.08330000000001,4.3202416918429,False
347,2011-12-13,4,0,12,False,2,True,1,0.2825,0.301138,0.59,0.14055,155,3368,3523,59.0,4.399659381209196,False
348,2011-12-14,4,0,12,False,3,True,2,0.3175,0.338362,0.66375,0.0609583,178,3562,3740,66.375,4.759358288770053,False
349,2011-12-15,4,0,12,False,4,True,2,0.4225,0.412237,0.634167,0.268042,181,3528,3709,63.416700000000006,4.880021569156106,False
350,2011-12-16,4,0,12,False,5,True,2,0.375,0.359825,0.500417,0.260575,178,3399,3577,50.0417,4.976237070170534,False
351,2011-12-17,4,0,12,False,6,False,2,0.258333,0.249371,0.560833,0.243167,275,2464,2739,56.0833,10.040160642570282,False
352,2011-12-18,4,0,12,False,0,False,1,0.238333,0.245579,0.58625,0.169779,220,2211,2431,58.62500000000001,9.049773755656108,False
353,2011-12-19,4,0,12,False,1,True,1,0.276667,0.280933,0.6375,0.172896,260,3143,3403,63.74999999999999,7.640317367029093,False
354,2011-12-20,4,0,12,False,2,True,2,0.385833,0.396454,0.595417,0.0615708,216,3534,3750,59.5417,5.76,False
355,2011-12-21,1,0,12,False,3,True,2,0.428333,0.428017,0.858333,0.2214,107,2553,2660,85.83330000000001,4.022556390977443,False
356,2011-12-22,1,0,12,False,4,True,2,0.423333,0.426121,0.7575,0.047275,227,2841,3068,75.75,7.398956975228161,False
357,2011-12-23,1,0,12,False,5,True,1,0.373333,0.377513,0.68625,0.274246,163,2046,2209,68.625,7.378904481665913,False
358,2011-12-24,1,0,12,False,6,False,1,0.3025,0.299242,0.5425,0.190304,155,856,1011,54.25,15.33135509396637,False
359,2011-12-25,1,0,12,False,0,False,1,0.274783,0.279961,0.681304,0.155091,303,451,754,68.13040000000001,40.185676392572944,False
360,2011-12-26,1,0,12,True,1,False,1,0.321739,0.315535,0.506957,0.239465,430,887,1317,50.6957,32.64996203492787,False
361,2011-12-27,1,0,12,False,2,True,2,0.325,0.327633,0.7625,0.18845,103,1059,1162,76.25,8.864027538726333,False
362,2011-12-28,1,0,12,False,3,True,1,0.29913,0.279974,0.503913,0.293961,255,2047,2302,50.39130000000001,11.07732406602954,False
363,2011-12-29,1,0,12,False,4,True,1,0.248333,0.263892,0.574167,0.119412,254,2169,2423,57.4167,10.482872472141972,False
364,2011-12-30,1,0,12,False,5,True,1,0.311667,0.318812,0.636667,0.134337,491,2508,2999,63.6667,16.372124041347117,False
365,2011-12-31,1,0,12,False,6,False,1,0.41,0.414121,0.615833,0.220154,665,1820,2485,61.583299999999994,26.76056338028169,False
366,2012-01-01,1,1,1,False,0,False,1,0.37,0.375621,0.6925,0.192167,686,1608,2294,69.25,29.90409764603313,False
367,2012-01-02,1,1,1,True,1,False,1,0.273043,0.252304,0.381304,0.329665,244,1707,1951,38.130399999999995,12.506406970784214,False
368,2012-01-03,1,1,1,False,2,True,1,0.15,0.126275,0.44125,0.365671,89,2147,2236,44.125,3.9803220035778173,False
369,2012-01-04,1,1,1,False,3,True,2,0.1075,0.119337,0.414583,0.1847,95,2273,2368,41.4583,4.011824324324325,False
370,2012-01-05,1,1,1,False,4,True,1,0.265833,0.278412,0.524167,0.129987,140,3132,3272,52.416700000000006,4.278728606356968,False
371,2012-01-06,1,1,1,False,5,True,1,0.334167,0.340267,0.542083,0.167908,307,3791,4098,54.2083,7.491459248413861,False
372,2012-01-07,1,1,1,False,6,False,1,0.393333,0.390779,0.531667,0.174758,1070,3451,4521,53.1667,23.667330236673305,False
373,2012-01-08,1,1,1,False,0,False,1,0.3375,0.340258,0.465,0.191542,599,2826,3425,46.5,17.489051094890513,False
374,2012-01-09,1,1,1,False,1,True,2,0.224167,0.247479,0.701667,0.0989,106,2270,2376,70.1667,4.461279461279461,False
375,2012-01-10,1,1,1,False,2,True,1,0.308696,0.318826,0.646522,0.187552,173,3425,3598,64.65220000000001,4.808226792662591,False
376,2012-01-11,1,1,1,False,3,True,2,0.274167,0.282821,0.8475,0.131221,92,2085,2177,84.75,4.225999081304548,False
377,2012-01-12,1,1,1,False,4,True,2,0.3825,0.381938,0.802917,0.180967,269,3828,4097,80.2917,6.565779838906518,False
378,2012-01-13,1,1,1,False,5,True,1,0.274167,0.249362,0.5075,0.378108,174,3040,3214,50.74999999999999,5.413814561294338,False
379,2012-01-14,1,1,1,False,6,False,1,0.18,0.183087,0.4575,0.187183,333,2160,2493,45.75,13.357400722021662,False
380,2012-01-15,1,1,1,False,0,False,1,0.166667,0.161625,0.419167,0.251258,284,2027,2311,41.9167,12.289052358286456,False
381,2012-01-16,1,1,1,True,1,False,1,0.19,0.190663,0.5225,0.231358,217,2081,2298,52.25,9.442993907745866,False
382,2012-01-17,1,1,1,False,2,True,2,0.373043,0.364278,0.716087,0.34913,127,2808,2935,71.6087,4.327086882453152,False
383,2012-01-18,1,1,1,False,3,True,1,0.303333,0.275254,0.443333,0.415429,109,3267,3376,44.333299999999994,3.2286729857819907,False
384,2012-01-19,1,1,1,False,4,True,1,0.19,0.190038,0.4975,0.220158,130,3162,3292,49.75,3.948967193195626,False
385,2012-01-20,1,1,1,False,5,True,2,0.2175,0.220958,0.45,0.20275,115,3048,3163,45.0,3.635788808093582,False
386,2012-01-21,1,1,1,False,6,False,2,0.173333,0.174875,0.83125,0.222642,67,1234,1301,83.125,5.14988470407379,False
387,2012-01-22,1,1,1,False,0,False,2,0.1625,0.16225,0.79625,0.199638,196,1781,1977,79.625,9.914011127971674,False
388,2012-01-23,1,1,1,False,1,True,2,0.218333,0.243058,0.91125,0.110708,145,2287,2432,91.125,5.962171052631579,False
389,2012-01-24,1,1,1,False,2,True,1,0.3425,0.349108,0.835833,0.123767,439,3900,4339,83.58330000000001,10.117538603364832,False
390,2012-01-25,1,1,1,False,3,True,1,0.294167,0.294821,0.64375,0.161071,467,3803,4270,64.375,10.936768149882905,False
391,2012-01-26,1,1,1,False,4,True,2,0.341667,0.35605,0.769583,0.0733958,244,3831,4075,76.95830000000001,5.987730061349693,False
392,2012-01-27,1,1,1,False,5,True,2,0.425,0.415383,0.74125,0.342667,269,3187,3456,74.125,7.783564814814816,False
393,2012-01-28,1,1,1,False,6,False,1,0.315833,0.326379,0.543333,0.210829,775,3248,4023,54.333299999999994,19.26423067362665,False
394,2012-01-29,1,1,1,False,0,False,1,0.2825,0.272721,0.31125,0.24005,558,2685,3243,31.125000000000004,17.206290471785383,False
395,2012-01-30,1,1,1,False,1,True,1,0.269167,0.262625,0.400833,0.215792,126,3498,3624,40.0833,3.47682119205298,False
396,2012-01-31,1,1,1,False,2,True,1,0.39,0.381317,0.416667,0.261817,324,4185,4509,41.6667,7.18562874251497,False
397,2012-02-01,1,1,2,False,3,True,1,0.469167,0.466538,0.507917,0.189067,304,4275,4579,50.79169999999999,6.639004149377594,False
398,2012-02-02,1,1,2,False,4,True,2,0.399167,0.398971,0.672917,0.187187,190,3571,3761,67.29169999999999,5.051847912789151,False
399,2012-02-03,1,1,2,False,5,True,1,0.313333,0.309346,0.526667,0.178496,310,3841,4151,52.6667,7.468079980727535,False
400,2012-02-04,1,1,2,False,6,False,2,0.264167,0.272725,0.779583,0.121896,384,2448,2832,77.95830000000001,13.559322033898304,False
401,2012-02-05,1,1,2,False,0,False,2,0.265833,0.264521,0.687917,0.175996,318,2629,2947,68.7917,10.790634543603666,False
402,2012-02-06,1,1,2,False,1,True,1,0.282609,0.296426,0.622174,0.1538,206,3578,3784,62.2174,5.443974630021142,False
403,2012-02-07,1,1,2,False,2,True,1,0.354167,0.361104,0.49625,0.147379,199,4176,4375,49.625,4.548571428571429,False
404,2012-02-08,1,1,2,False,3,True,2,0.256667,0.266421,0.722917,0.133721,109,2693,2802,72.2917,3.890078515346181,False
405,2012-02-09,1,1,2,False,4,True,1,0.265,0.261988,0.562083,0.194037,163,3667,3830,56.2083,4.255874673629243,False
406,2012-02-10,1,1,2,False,5,True,2,0.280833,0.293558,0.54,0.116929,227,3604,3831,54.0,5.925345862699034,False
407,2012-02-11,1,1,2,False,6,False,3,0.224167,0.210867,0.73125,0.289796,192,1977,2169,73.125,8.852005532503458,False
408,2012-02-12,1,1,2,False,0,False,1,0.1275,0.101658,0.464583,0.409212,73,1456,1529,46.4583,4.774362328319163,False
409,2012-02-13,1,1,2,False,1,True,1,0.2225,0.227913,0.41125,0.167283,94,3328,3422,41.125,2.7469316189362947,False
410,2012-02-14,1,1,2,False,2,True,2,0.319167,0.333946,0.50875,0.141179,135,3787,3922,50.875,3.442121366649668,False
411,2012-02-15,1,1,2,False,3,True,1,0.348333,0.351629,0.53125,0.1816,141,4028,4169,53.125,3.382106020628448,False
412,2012-02-16,1,1,2,False,4,True,2,0.316667,0.330162,0.752917,0.091425,74,2931,3005,75.29169999999999,2.4625623960066556,False
413,2012-02-17,1,1,2,False,5,True,1,0.343333,0.351629,0.634583,0.205846,349,3805,4154,63.4583,8.401540683678382,False
414,2012-02-18,1,1,2,False,6,False,1,0.346667,0.355425,0.534583,0.190929,1435,2883,4318,53.4583,33.23297823066234,False
415,2012-02-19,1,1,2,False,0,False,2,0.28,0.265788,0.515833,0.253112,618,2071,2689,51.5833,22.98252138341391,False
416,2012-02-20,1,1,2,True,1,False,1,0.28,0.273391,0.507826,0.229083,502,2627,3129,50.7826,16.043464365612017,False
417,2012-02-21,1,1,2,False,2,True,1,0.287826,0.295113,0.594348,0.205717,163,3614,3777,59.434799999999996,4.315594387079693,False
418,2012-02-22,1,1,2,False,3,True,1,0.395833,0.392667,0.567917,0.234471,394,4379,4773,56.7917,8.254766394301278,False
419,2012-02-23,1,1,2,False,4,True,1,0.454167,0.444446,0.554583,0.190913,516,4546,5062,55.45830000000001,10.193599367838798,False
420,2012-02-24,1,1,2,False,5,True,2,0.4075,0.410971,0.7375,0.237567,246,3241,3487,73.75,7.054774878118726,False
421,2012-02-25,1,1,2,False,6,False,1,0.290833,0.255675,0.395833,0.421642,317,2415,2732,39.5833,11.603221083455344,False
422,2012-02-26,1,1,2,False,0,False,1,0.279167,0.268308,0.41,0.205229,515,2874,3389,41.0,15.19622307465329,False
423,2012-02-27,1,1,2,False,1,True,1,0.366667,0.357954,0.490833,0.268033,253,4069,4322,49.0833,5.853771402128644,False
424,2012-02-28,1,1,2,False,2,True,1,0.359167,0.353525,0.395833,0.193417,229,4134,4363,39.5833,5.24868209947284,False
425,2012-02-29,1,1,2,False,3,True,2,0.344348,0.34847,0.804783,0.179117,65,1769,1834,80.4783,3.544165757906216,False
426,2012-03-01,1,1,3,False,4,True,1,0.485833,0.475371,0.615417,0.226987,325,4665,4990,61.5417,6.513026052104208,False
427,2012-03-02,1,1,3,False,5,True,2,0.353333,0.359842,0.657083,0.144904,246,2948,3194,65.7083,7.701941139636818,False
428,2012-03-03,1,1,3,False,6,False,2,0.414167,0.413492,0.62125,0.161079,956,3110,4066,62.125,23.512051155927203,False
429,2012-03-04,1,1,3,False,0,False,1,0.325833,0.303021,0.403333,0.334571,710,2713,3423,40.3333,20.74203914694712,False
430,2012-03-05,1,1,3,False,1,True,1,0.243333,0.241171,0.50625,0.228858,203,3130,3333,50.625,6.0906090609060906,False
431,2012-03-06,1,1,3,False,2,True,1,0.258333,0.255042,0.456667,0.200875,221,3735,3956,45.6667,5.5864509605662285,False
432,2012-03-07,1,1,3,False,3,True,1,0.404167,0.3851,0.513333,0.345779,432,4484,4916,51.3333,8.787632221318145,False
433,2012-03-08,1,1,3,False,4,True,1,0.5275,0.524604,0.5675,0.441563,486,4896,5382,56.75,9.03010033444816,False
434,2012-03-09,1,1,3,False,5,True,2,0.410833,0.397083,0.407083,0.4148,447,4122,4569,40.708299999999994,9.783322390019698,False
435,2012-03-10,1,1,3,False,6,False,1,0.2875,0.277767,0.350417,0.22575,968,3150,4118,35.0417,23.506556580864498,False
436,2012-03-11,1,1,3,False,0,False,1,0.361739,0.35967,0.476957,0.222587,1658,3253,4911,47.6957,33.760944817756055,False
437,2012-03-12,1,1,3,False,1,True,1,0.466667,0.459592,0.489167,0.207713,838,4460,5298,48.9167,15.81728954322386,False
438,2012-03-13,1,1,3,False,2,True,1,0.565,0.542929,0.6175,0.23695,762,5085,5847,61.75000000000001,13.032324268855824,False
439,2012-03-14,1,1,3,False,3,True,1,0.5725,0.548617,0.507083,0.115062,997,5315,6312,50.708299999999994,15.79531051964512,False
440,2012-03-15,1,1,3,False,4,True,1,0.5575,0.532825,0.579583,0.149883,1005,5187,6192,57.958299999999994,16.23062015503876,False
441,2012-03-16,1,1,3,False,5,True,2,0.435833,0.436229,0.842083,0.113192,548,3830,4378,84.20830000000001,12.517131110095933,False
442,2012-03-17,1,1,3,False,6,False,2,0.514167,0.505046,0.755833,0.110704,3155,4681,7836,75.5833,40.26288922919857,False
443,2012-03-18,1,1,3,False,0,False,2,0.4725,0.464,0.81,0.126883,2207,3685,5892,81.0,37.457569585879156,False
444,2012-03-19,1,1,3,False,1,True,1,0.545,0.532821,0.72875,0.162317,982,5171,6153,72.875,15.959694457987975,False
445,2012-03-20,1,1,3,False,2,True,1,0.560833,0.538533,0.807917,0.121271,1051,5042,6093,80.7917,17.249302478253732,False
446,2012-03-21,2,1,3,False,3,True,2,0.531667,0.513258,0.82125,0.0895583,1122,5108,6230,82.125,18.00963081861958,False
447,2012-03-22,2,1,3,False,4,True,1,0.554167,0.531567,0.83125,0.117562,1334,5537,6871,83.125,19.41493232426139,False
448,2012-03-23,2,1,3,False,5,True,2,0.601667,0.570067,0.694167,0.1163,2469,5893,8362,69.41669999999999,29.526429083951207,False
449,2012-03-24,2,1,3,False,6,False,2,0.5025,0.486733,0.885417,0.192783,1033,2339,3372,88.5417,30.634638196915777,False
450,2012-03-25,2,1,3,False,0,False,2,0.4375,0.437488,0.880833,0.220775,1532,3464,4996,88.0833,30.66453162530024,False
451,2012-03-26,2,1,3,False,1,True,1,0.445833,0.43875,0.477917,0.386821,795,4763,5558,47.7917,14.303706369197553,False
452,2012-03-27,2,1,3,False,2,True,1,0.323333,0.315654,0.29,0.187192,531,4571,5102,28.999999999999996,10.407683261466092,False
453,2012-03-28,2,1,3,False,3,True,1,0.484167,0.47095,0.48125,0.291671,674,5024,5698,48.125,11.828711828711828,False
454,2012-03-29,2,1,3,False,4,True,1,0.494167,0.482304,0.439167,0.31965,834,5299,6133,43.9167,13.598565139409752,False
455,2012-03-30,2,1,3,False,5,True,2,0.37,0.375621,0.580833,0.138067,796,4663,5459,58.0833,14.581425169444953,False
456,2012-03-31,2,1,3,False,6,False,2,0.424167,0.421708,0.738333,0.250617,2301,3934,6235,73.83330000000001,36.904570970328784,False
457,2012-04-01,2,1,4,False,0,False,2,0.425833,0.417287,0.67625,0.172267,2347,3694,6041,67.625,38.85118357887767,False
458,2012-04-02,2,1,4,False,1,True,1,0.433913,0.427513,0.504348,0.312139,1208,4728,5936,50.4348,20.350404312668463,False
459,2012-04-03,2,1,4,False,2,True,1,0.466667,0.461483,0.396667,0.100133,1348,5424,6772,39.6667,19.905493207324277,False
460,2012-04-04,2,1,4,False,3,True,1,0.541667,0.53345,0.469583,0.180975,1058,5378,6436,46.958299999999994,16.438781852082037,False
461,2012-04-05,2,1,4,False,4,True,1,0.435,0.431163,0.374167,0.219529,1192,5265,6457,37.416700000000006,18.46058541118166,False
462,2012-04-06,2,1,4,False,5,True,1,0.403333,0.390767,0.377083,0.300388,1807,4653,6460,37.7083,27.972136222910216,False
463,2012-04-07,2,1,4,False,6,False,1,0.4375,0.426129,0.254167,0.274871,3252,3605,6857,25.4167,47.425988041417526,False
464,2012-04-08,2,1,4,False,0,False,1,0.5,0.492425,0.275833,0.232596,2230,2939,5169,27.5833,43.14180692590443,False
465,2012-04-09,2,1,4,False,1,True,1,0.489167,0.476638,0.3175,0.358196,905,4680,5585,31.75,16.2041181736795,False
466,2012-04-10,2,1,4,False,2,True,1,0.446667,0.436233,0.435,0.249375,819,5099,5918,43.5,13.839134842852316,False
467,2012-04-11,2,1,4,False,3,True,1,0.348696,0.337274,0.469565,0.295274,482,4380,4862,46.9565,9.913615795968738,False
468,2012-04-12,2,1,4,False,4,True,1,0.3975,0.387604,0.46625,0.290429,663,4746,5409,46.625,12.2573488630061,False
469,2012-04-13,2,1,4,False,5,True,1,0.4425,0.431808,0.408333,0.155471,1252,5146,6398,40.8333,19.568615192247577,False
470,2012-04-14,2,1,4,False,6,False,1,0.495,0.487996,0.502917,0.190917,2795,4665,7460,50.29169999999999,37.466487935656836,False
471,2012-04-15,2,1,4,False,0,False,1,0.606667,0.573875,0.507917,0.225129,2846,4286,7132,50.79169999999999,39.904655075715084,False
472,2012-04-16,2,1,4,True,1,False,1,0.664167,0.614925,0.561667,0.284829,1198,5172,6370,56.166700000000006,18.80690737833595,False
473,2012-04-17,2,1,4,False,2,True,1,0.608333,0.598487,0.390417,0.273629,989,5702,6691,39.0417,14.781049170527574,False
474,2012-04-18,2,1,4,False,3,True,2,0.463333,0.457038,0.569167,0.167912,347,4020,4367,56.9167,7.945958323792077,False
475,2012-04-19,2,1,4,False,4,True,1,0.498333,0.493046,0.6125,0.0659292,846,5719,6565,61.25000000000001,12.886519421172887,False
476,2012-04-20,2,1,4,False,5,True,1,0.526667,0.515775,0.694583,0.149871,1340,5950,7290,69.4583,18.381344307270233,False
477,2012-04-21,2,1,4,False,6,False,1,0.57,0.542921,0.682917,0.283587,2541,4083,6624,68.2917,38.36050724637681,False
478,2012-04-22,2,1,4,False,0,False,3,0.396667,0.389504,0.835417,0.344546,120,907,1027,83.54169999999999,11.684518013631937,False
479,2012-04-23,2,1,4,False,1,True,2,0.321667,0.301125,0.766667,0.303496,195,3019,3214,76.66669999999999,6.067205973864343,False
480,2012-04-24,2,1,4,False,2,True,1,0.413333,0.405283,0.454167,0.249383,518,5115,5633,45.4167,9.195810402982426,False
481,2012-04-25,2,1,4,False,3,True,1,0.476667,0.470317,0.427917,0.118792,655,5541,6196,42.7917,10.571336346029698,False
482,2012-04-26,2,1,4,False,4,True,2,0.498333,0.483583,0.756667,0.176625,475,4551,5026,75.66669999999999,9.450855551134103,False
483,2012-04-27,2,1,4,False,5,True,1,0.4575,0.452637,0.400833,0.347633,1014,5219,6233,40.0833,16.26824963901813,False
484,2012-04-28,2,1,4,False,6,False,2,0.376667,0.377504,0.489583,0.129975,1120,3100,4220,48.9583,26.540284360189574,False
485,2012-04-29,2,1,4,False,0,False,1,0.458333,0.450121,0.587083,0.116908,2229,4075,6304,58.7083,35.358502538071065,False
486,2012-04-30,2,1,4,False,1,True,2,0.464167,0.457696,0.57,0.171638,665,4907,5572,56.99999999999999,11.934673366834172,False
487,2012-05-01,2,1,5,False,2,True,2,0.613333,0.577021,0.659583,0.156096,653,5087,5740,65.95830000000001,11.376306620209059,False
488,2012-05-02,2,1,5,False,3,True,1,0.564167,0.537896,0.797083,0.138058,667,5502,6169,79.7083,10.812125141838223,False
489,2012-05-03,2,1,5,False,4,True,2,0.56,0.537242,0.768333,0.133696,764,5657,6421,76.83330000000001,11.898458184083475,False
490,2012-05-04,2,1,5,False,5,True,1,0.6275,0.590917,0.735417,0.162938,1069,5227,6296,73.54169999999999,16.979034307496825,False
491,2012-05-05,2,1,5,False,6,False,2,0.621667,0.584608,0.756667,0.152992,2496,4387,6883,75.66669999999999,36.26325730059567,False
492,2012-05-06,2,1,5,False,0,False,2,0.5625,0.546737,0.74,0.149879,2135,4224,6359,74.0,33.57446139330084,False
493,2012-05-07,2,1,5,False,1,True,2,0.5375,0.527142,0.664167,0.230721,1008,5265,6273,66.41669999999999,16.06886657101865,False
494,2012-05-08,2,1,5,False,2,True,2,0.581667,0.557471,0.685833,0.296029,738,4990,5728,68.58330000000001,12.884078212290504,False
495,2012-05-09,2,1,5,False,3,True,2,0.575,0.553025,0.744167,0.216412,620,4097,4717,74.4167,13.143947424210303,False
496,2012-05-10,2,1,5,False,4,True,1,0.505833,0.491783,0.552083,0.314063,1026,5546,6572,55.2083,15.611685940353013,False
497,2012-05-11,2,1,5,False,5,True,1,0.533333,0.520833,0.360417,0.236937,1319,5711,7030,36.0417,18.7624466571835,False
498,2012-05-12,2,1,5,False,6,False,1,0.564167,0.544817,0.480417,0.123133,2622,4807,7429,48.0417,35.294117647058826,False
499,2012-05-13,2,1,5,False,0,False,1,0.6125,0.585238,0.57625,0.225117,2172,3946,6118,57.62500000000001,35.50179797319385,False
500,2012-05-14,2,1,5,False,1,True,2,0.573333,0.5499,0.789583,0.212692,342,2501,2843,78.95830000000001,12.029546253957088,False
501,2012-05-15,2,1,5,False,2,True,2,0.611667,0.576404,0.794583,0.147392,625,4490,5115,79.45830000000001,12.218963831867057,False
502,2012-05-16,2,1,5,False,3,True,1,0.636667,0.595975,0.697917,0.122512,991,6433,7424,69.7917,13.348599137931034,False
503,2012-05-17,2,1,5,False,4,True,1,0.593333,0.572613,0.52,0.229475,1242,6142,7384,52.0,16.82015167930661,False
504,2012-05-18,2,1,5,False,5,True,1,0.564167,0.551121,0.523333,0.136817,1521,6118,7639,52.33330000000001,19.9109831129729,False
505,2012-05-19,2,1,5,False,6,False,1,0.6,0.566908,0.45625,0.083975,3410,4884,8294,45.625,41.11405835543766,False
506,2012-05-20,2,1,5,False,0,False,1,0.620833,0.583967,0.530417,0.254367,2704,4425,7129,53.041700000000006,37.929583391780056,False
507,2012-05-21,2,1,5,False,1,True,2,0.598333,0.565667,0.81125,0.233204,630,3729,4359,81.125,14.45285615966965,False
508,2012-05-22,2,1,5,False,2,True,2,0.615,0.580825,0.765833,0.118167,819,5254,6073,76.5833,13.485921290959988,False
509,2012-05-23,2,1,5,False,3,True,2,0.621667,0.584612,0.774583,0.102,766,4494,5260,77.45830000000001,14.562737642585551,False
510,2012-05-24,2,1,5,False,4,True,1,0.655,0.6067,0.716667,0.172896,1059,5711,6770,71.6667,15.642540620384047,False
511,2012-05-25,2,1,5,False,5,True,1,0.68,0.627529,0.747083,0.14055,1417,5317,6734,74.70830000000001,21.042471042471043,False
512,2012-05-26,2,1,5,False,6,False,1,0.6925,0.642696,0.7325,0.198992,2855,3681,6536,73.25,43.68115055079559,False
513,2012-05-27,2,1,5,False,0,False,1,0.69,0.641425,0.697083,0.215171,3283,3308,6591,69.7083,49.810347443483536,False
514,2012-05-28,2,1,5,True,1,False,1,0.7125,0.6793,0.67625,0.196521,2557,3486,6043,67.625,42.31342048651332,False
515,2012-05-29,2,1,5,False,2,True,1,0.7225,0.672992,0.684583,0.2954,880,4863,5743,68.45830000000001,15.32300191537524,False
516,2012-05-30,2,1,5,False,3,True,2,0.656667,0.611129,0.67,0.134329,745,6110,6855,67.0,10.86797957695113,False
517,2012-05-31,2,1,5,False,4,True,1,0.68,0.631329,0.492917,0.195279,1100,6238,7338,49.2917,14.990460615971655,False
518,2012-06-01,2,1,6,False,5,True,2,0.654167,0.607962,0.755417,0.237563,533,3594,4127,75.5417,12.914950327114127,False
519,2012-06-02,2,1,6,False,6,False,1,0.583333,0.566288,0.549167,0.186562,2795,5325,8120,54.9167,34.42118226600985,False
520,2012-06-03,2,1,6,False,0,False,1,0.6025,0.575133,0.493333,0.184087,2494,5147,7641,49.3333,32.639706844653844,False
521,2012-06-04,2,1,6,False,1,True,1,0.5975,0.578283,0.487083,0.284833,1071,5927,6998,48.7083,15.304372677907974,False
522,2012-06-05,2,1,6,False,2,True,2,0.540833,0.525892,0.613333,0.209575,968,6033,7001,61.3333,13.82659620054278,False
523,2012-06-06,2,1,6,False,3,True,1,0.554167,0.542292,0.61125,0.077125,1027,6028,7055,61.12499999999999,14.557051736357193,False
524,2012-06-07,2,1,6,False,4,True,1,0.6025,0.569442,0.567083,0.15735,1038,6456,7494,56.7083,13.851080864691752,False
525,2012-06-08,2,1,6,False,5,True,1,0.649167,0.597862,0.467917,0.175383,1488,6248,7736,46.791700000000006,19.23474663908997,False
526,2012-06-09,2,1,6,False,6,False,1,0.710833,0.648367,0.437083,0.144287,2708,4790,7498,43.7083,36.11629767938117,False
527,2012-06-10,2,1,6,False,0,False,1,0.726667,0.663517,0.538333,0.133721,2224,4374,6598,53.833299999999994,33.70718399515005,False
528,2012-06-11,2,1,6,False,1,True,2,0.720833,0.659721,0.587917,0.207713,1017,5647,6664,58.791700000000006,15.26110444177671,False
529,2012-06-12,2,1,6,False,2,True,2,0.653333,0.597875,0.833333,0.214546,477,4495,4972,83.3333,9.593724859211585,False
530,2012-06-13,2,1,6,False,3,True,1,0.655833,0.611117,0.582083,0.343279,1173,6248,7421,58.2083,15.806495081525402,False
531,2012-06-14,2,1,6,False,4,True,1,0.648333,0.624383,0.569583,0.253733,1180,6183,7363,56.958299999999994,16.026076327583866,False
532,2012-06-15,2,1,6,False,5,True,1,0.639167,0.599754,0.589583,0.176617,1563,6102,7665,58.958299999999994,20.391389432485322,False
533,2012-06-16,2,1,6,False,6,False,1,0.631667,0.594708,0.504167,0.166667,2963,4739,7702,50.416700000000006,38.47052713580888,False
534,2012-06-17,2,1,6,False,0,False,1,0.5925,0.571975,0.59875,0.144904,2634,4344,6978,59.875,37.747205503009454,False
535,2012-06-18,2,1,6,False,1,True,2,0.568333,0.544842,0.777917,0.174746,653,4446,5099,77.79169999999999,12.806432633849774,False
536,2012-06-19,2,1,6,False,2,True,1,0.688333,0.654692,0.69,0.148017,968,5857,6825,69.0,14.183150183150184,False
537,2012-06-20,2,1,6,False,3,True,1,0.7825,0.720975,0.592083,0.113812,872,5339,6211,59.2083,14.039607148607312,False
538,2012-06-21,3,1,6,False,4,True,1,0.805833,0.752542,0.567917,0.118787,778,5127,5905,56.7917,13.175275190516512,False
539,2012-06-22,3,1,6,False,5,True,1,0.7775,0.724121,0.57375,0.182842,964,4859,5823,57.375,16.55504035720419,False
540,2012-06-23,3,1,6,False,6,False,1,0.731667,0.652792,0.534583,0.179721,2657,4801,7458,53.4583,35.62617323679271,False
541,2012-06-24,3,1,6,False,0,False,1,0.743333,0.674254,0.479167,0.145525,2551,4340,6891,47.9167,37.019300536932235,False
542,2012-06-25,3,1,6,False,1,True,1,0.715833,0.654042,0.504167,0.300383,1139,5640,6779,50.416700000000006,16.801888184097947,False
543,2012-06-26,3,1,6,False,2,True,1,0.630833,0.594704,0.373333,0.347642,1077,6365,7442,37.3333,14.47191615157216,False
544,2012-06-27,3,1,6,False,3,True,1,0.6975,0.640792,0.36,0.271775,1077,6258,7335,36.0,14.683026584867076,False
545,2012-06-28,3,1,6,False,4,True,1,0.749167,0.675512,0.4225,0.17165,921,5958,6879,42.25,13.388573920627996,False
546,2012-06-29,3,1,6,False,5,True,1,0.834167,0.786613,0.48875,0.165417,829,4634,5463,48.875,15.174812374153396,False
547,2012-06-30,3,1,6,False,6,False,1,0.765,0.687508,0.60125,0.161071,1455,4232,5687,60.12499999999999,25.58466678389309,False
548,2012-07-01,3,1,7,False,0,False,1,0.815833,0.750629,0.51875,0.168529,1421,4110,5531,51.87500000000001,25.69155668052793,False
549,2012-07-02,3,1,7,False,1,True,1,0.781667,0.702038,0.447083,0.195267,904,5323,6227,44.7083,14.517424120764414,False
550,2012-07-03,3,1,7,False,2,True,1,0.780833,0.70265,0.492083,0.126237,1052,5608,6660,49.2083,15.795795795795794,False
551,2012-07-04,3,1,7,True,3,False,1,0.789167,0.732337,0.53875,0.13495,2562,4841,7403,53.87499999999999,34.60759151695258,False
552,2012-07-05,3,1,7,False,4,True,1,0.8275,0.761367,0.457917,0.194029,1405,4836,6241,45.7917,22.51241788174972,False
553,2012-07-06,3,1,7,False,5,True,1,0.828333,0.752533,0.450833,0.146142,1366,4841,6207,45.0833,22.00741098759465,False
554,2012-07-07,3,1,7,False,6,False,1,0.861667,0.804913,0.492083,0.163554,1448,3392,4840,49.2083,29.91735537190083,False
555,2012-07-08,3,1,7,False,0,False,1,0.8225,0.790396,0.57375,0.125629,1203,3469,4672,57.375,25.74914383561644,False
556,2012-07-09,3,1,7,False,1,True,2,0.710833,0.654054,0.683333,0.180975,998,5571,6569,68.3333,15.19257116760542,False
557,2012-07-10,3,1,7,False,2,True,2,0.720833,0.664796,0.6675,0.151737,954,5336,6290,66.75,15.166931637519873,False
558,2012-07-11,3,1,7,False,3,True,1,0.716667,0.650271,0.633333,0.151733,975,6289,7264,63.3333,13.422356828193832,False
559,2012-07-12,3,1,7,False,4,True,1,0.715833,0.654683,0.529583,0.146775,1032,6414,7446,52.9583,13.859790491539082,False
560,2012-07-13,3,1,7,False,5,True,2,0.731667,0.667933,0.485833,0.08085,1511,5988,7499,48.5833,20.149353247099615,False
561,2012-07-14,3,1,7,False,6,False,2,0.703333,0.666042,0.699167,0.143679,2355,4614,6969,69.91669999999999,33.792509685751185,False
562,2012-07-15,3,1,7,False,0,False,1,0.745833,0.705196,0.717917,0.166667,1920,4111,6031,71.7917,31.835516498093185,False
563,2012-07-16,3,1,7,False,1,True,1,0.763333,0.724125,0.645,0.164187,1088,5742,6830,64.5,15.929721815519764,False
564,2012-07-17,3,1,7,False,2,True,1,0.818333,0.755683,0.505833,0.114429,921,5865,6786,50.583299999999994,13.572060123784263,False
565,2012-07-18,3,1,7,False,3,True,1,0.793333,0.745583,0.577083,0.137442,799,4914,5713,57.7083,13.985646770523369,False
566,2012-07-19,3,1,7,False,4,True,1,0.77,0.714642,0.600417,0.165429,888,5703,6591,60.0417,13.47291761492945,False
567,2012-07-20,3,1,7,False,5,True,2,0.665833,0.613025,0.844167,0.208967,747,5123,5870,84.4167,12.72572402044293,False
568,2012-07-21,3,1,7,False,6,False,3,0.595833,0.549912,0.865417,0.2133,1264,3195,4459,86.5417,28.34716304104059,False
569,2012-07-22,3,1,7,False,0,False,2,0.6675,0.623125,0.7625,0.0939208,2544,4866,7410,76.25,34.33198380566802,False
570,2012-07-23,3,1,7,False,1,True,1,0.741667,0.690017,0.694167,0.138683,1135,5831,6966,69.41669999999999,16.29342520815389,False
571,2012-07-24,3,1,7,False,2,True,1,0.750833,0.70645,0.655,0.211454,1140,6452,7592,65.5,15.015806111696522,False
572,2012-07-25,3,1,7,False,3,True,1,0.724167,0.654054,0.45,0.1648,1383,6790,8173,45.0,16.92157102655084,False
573,2012-07-26,3,1,7,False,4,True,1,0.776667,0.739263,0.596667,0.284813,1036,5825,6861,59.66669999999999,15.099839673516978,False
574,2012-07-27,3,1,7,False,5,True,1,0.781667,0.734217,0.594583,0.152992,1259,5645,6904,59.458299999999994,18.235805330243338,False
575,2012-07-28,3,1,7,False,6,False,1,0.755833,0.697604,0.613333,0.15735,2234,4451,6685,61.3333,33.41810022438295,False
576,2012-07-29,3,1,7,False,0,False,1,0.721667,0.667933,0.62375,0.170396,2153,4444,6597,62.375,32.63604668788843,False
577,2012-07-30,3,1,7,False,1,True,1,0.730833,0.684987,0.66875,0.153617,1040,6065,7105,66.875,14.637579169598874,False
578,2012-07-31,3,1,7,False,2,True,1,0.713333,0.662896,0.704167,0.165425,968,6248,7216,70.41669999999999,13.414634146341465,False
579,2012-08-01,3,1,8,False,3,True,1,0.7175,0.667308,0.6775,0.141179,1074,6506,7580,67.75,14.168865435356201,False
580,2012-08-02,3,1,8,False,4,True,1,0.7525,0.707088,0.659583,0.129354,983,6278,7261,65.95830000000001,13.538080154248727,False
581,2012-08-03,3,1,8,False,5,True,2,0.765833,0.722867,0.6425,0.215792,1328,5847,7175,64.25,18.50871080139373,False
582,2012-08-04,3,1,8,False,6,False,1,0.793333,0.751267,0.613333,0.257458,2345,4479,6824,61.3333,34.36400937866354,False
583,2012-08-05,3,1,8,False,0,False,1,0.769167,0.731079,0.6525,0.290421,1707,3757,5464,65.25,31.240849194729137,False
584,2012-08-06,3,1,8,False,1,True,2,0.7525,0.710246,0.654167,0.129354,1233,5780,7013,65.4167,17.581634108084984,False
585,2012-08-07,3,1,8,False,2,True,2,0.735833,0.697621,0.70375,0.116908,1278,5995,7273,70.375,17.5718410559604,False
586,2012-08-08,3,1,8,False,3,True,2,0.75,0.707717,0.672917,0.1107,1263,6271,7534,67.29169999999999,16.764003185558803,False
587,2012-08-09,3,1,8,False,4,True,1,0.755833,0.699508,0.620417,0.1561,1196,6090,7286,62.0417,16.41504254735108,False
588,2012-08-10,3,1,8,False,5,True,2,0.715833,0.667942,0.715833,0.238813,1065,4721,5786,71.58330000000001,18.406498444521258,False
589,2012-08-11,3,1,8,False,6,False,2,0.6925,0.638267,0.732917,0.206479,2247,4052,6299,73.2917,35.67232894110176,False
590,2012-08-12,3,1,8,False,0,False,1,0.700833,0.644579,0.530417,0.122512,2182,4362,6544,53.041700000000006,33.343520782396084,False
591,2012-08-13,3,1,8,False,1,True,1,0.720833,0.662254,0.545417,0.136212,1207,5676,6883,54.541700000000006,17.535958157780037,False
592,2012-08-14,3,1,8,False,2,True,1,0.726667,0.676779,0.686667,0.169158,1128,5656,6784,68.6667,16.62735849056604,False
593,2012-08-15,3,1,8,False,3,True,1,0.706667,0.654037,0.619583,0.169771,1198,6149,7347,61.9583,16.305975227984213,False
594,2012-08-16,3,1,8,False,4,True,1,0.719167,0.654688,0.519167,0.141796,1338,6267,7605,51.916700000000006,17.59368836291913,False
595,2012-08-17,3,1,8,False,5,True,1,0.723333,0.2424,0.570833,0.231354,1483,5665,7148,57.0833,20.747062115277,False
596,2012-08-18,3,1,8,False,6,False,1,0.678333,0.618071,0.603333,0.177867,2827,5038,7865,60.3333,35.94405594405594,False
597,2012-08-19,3,1,8,False,0,False,2,0.635833,0.603554,0.711667,0.08645,1208,3341,4549,71.1667,26.555286876236533,False
598,2012-08-20,3,1,8,False,1,True,2,0.635833,0.595967,0.734167,0.129979,1026,5504,6530,73.4167,15.712098009188361,False
599,2012-08-21,3,1,8,False,2,True,1,0.649167,0.601025,0.67375,0.0727708,1081,5925,7006,67.375,15.429631744219241,False
600,2012-08-22,3,1,8,False,3,True,1,0.6675,0.621854,0.677083,0.0702833,1094,6281,7375,67.7083,14.833898305084745,False
601,2012-08-23,3,1,8,False,4,True,1,0.695833,0.637008,0.635833,0.0845958,1363,6402,7765,63.5833,17.553122987765615,False
602,2012-08-24,3,1,8,False,5,True,2,0.7025,0.6471,0.615,0.0721458,1325,6257,7582,61.5,17.475600105513056,False
603,2012-08-25,3,1,8,False,6,False,2,0.661667,0.618696,0.712917,0.244408,1829,4224,6053,71.2917,30.216421609119443,False
604,2012-08-26,3,1,8,False,0,False,2,0.653333,0.595996,0.845833,0.228858,1483,3772,5255,84.5833,28.220742150333017,False
605,2012-08-27,3,1,8,False,1,True,1,0.703333,0.654688,0.730417,0.128733,989,5928,6917,73.04169999999999,14.298106115367935,False
606,2012-08-28,3,1,8,False,2,True,1,0.728333,0.66605,0.62,0.190925,935,6105,7040,62.0,13.28125,False
607,2012-08-29,3,1,8,False,3,True,1,0.685,0.635733,0.552083,0.112562,1177,6520,7697,55.2083,15.291672080031182,False
608,2012-08-30,3,1,8,False,4,True,1,0.706667,0.652779,0.590417,0.0771167,1172,6541,7713,59.0417,15.195125113444833,False
609,2012-08-31,3,1,8,False,5,True,1,0.764167,0.6894,0.5875,0.168533,1433,5917,7350,58.75,19.49659863945578,False
610,2012-09-01,3,1,9,False,6,False,2,0.753333,0.702654,0.638333,0.113187,2352,3788,6140,63.8333,38.306188925081436,False
611,2012-09-02,3,1,9,False,0,False,2,0.696667,0.649,0.815,0.0640708,2613,3197,5810,81.5,44.97418244406196,False
612,2012-09-03,3,1,9,True,1,False,1,0.7075,0.661629,0.790833,0.151121,1965,4069,6034,79.0833,32.56546237984753,False
613,2012-09-04,3,1,9,False,2,True,1,0.725833,0.686888,0.755,0.236321,867,5997,6864,75.5,12.63111888111888,False
614,2012-09-05,3,1,9,False,3,True,1,0.736667,0.708983,0.74125,0.187808,832,6280,7112,74.125,11.698537682789652,False
615,2012-09-06,3,1,9,False,4,True,2,0.696667,0.655329,0.810417,0.142421,611,5592,6203,81.0417,9.85007254554248,False
616,2012-09-07,3,1,9,False,5,True,1,0.703333,0.657204,0.73625,0.171646,1045,6459,7504,73.625,13.92590618336887,False
617,2012-09-08,3,1,9,False,6,False,2,0.659167,0.611121,0.799167,0.281104,1557,4419,5976,79.91669999999999,26.054216867469883,False
618,2012-09-09,3,1,9,False,0,False,1,0.61,0.578925,0.5475,0.224496,2570,5657,8227,54.75,31.238604594627446,False
619,2012-09-10,3,1,9,False,1,True,1,0.583333,0.565654,0.50375,0.258713,1118,6407,7525,50.375,14.857142857142858,False
620,2012-09-11,3,1,9,False,2,True,1,0.5775,0.554292,0.52,0.0920542,1070,6697,7767,52.0,13.776232779709025,False
621,2012-09-12,3,1,9,False,3,True,1,0.599167,0.570075,0.577083,0.131846,1050,6820,7870,57.7083,13.341804320203304,False
622,2012-09-13,3,1,9,False,4,True,1,0.6125,0.579558,0.637083,0.0827208,1054,6750,7804,63.708299999999994,13.505894413121478,False
623,2012-09-14,3,1,9,False,5,True,1,0.633333,0.594083,0.6725,0.103863,1379,6630,8009,67.25,17.21812960419528,False
624,2012-09-15,3,1,9,False,6,False,1,0.608333,0.585867,0.501667,0.247521,3160,5554,8714,50.1667,36.26348404865733,False
625,2012-09-16,3,1,9,False,0,False,1,0.58,0.563125,0.57,0.0901833,2166,5167,7333,56.99999999999999,29.537706259375422,False
626,2012-09-17,3,1,9,False,1,True,2,0.580833,0.55305,0.734583,0.151742,1022,5847,6869,73.4583,14.878439365264231,False
627,2012-09-18,3,1,9,False,2,True,2,0.623333,0.565067,0.8725,0.357587,371,3702,4073,87.25,9.108765038055488,False
628,2012-09-19,3,1,9,False,3,True,1,0.5525,0.540404,0.536667,0.215175,788,6803,7591,53.6667,10.380714003425108,False
629,2012-09-20,3,1,9,False,4,True,1,0.546667,0.532192,0.618333,0.118167,939,6781,7720,61.8333,12.16321243523316,False
630,2012-09-21,3,1,9,False,5,True,1,0.599167,0.571971,0.66875,0.154229,1250,6917,8167,66.875,15.305497734786336,False
631,2012-09-22,3,1,9,False,6,False,1,0.65,0.610488,0.646667,0.283583,2512,5883,8395,64.6667,29.922572960095295,False
632,2012-09-23,4,1,9,False,0,False,1,0.529167,0.518933,0.467083,0.223258,2454,5453,7907,46.7083,31.035791071202734,False
633,2012-09-24,4,1,9,False,1,True,1,0.514167,0.502513,0.492917,0.142404,1001,6435,7436,49.2917,13.461538461538462,False
634,2012-09-25,4,1,9,False,2,True,1,0.55,0.544179,0.57,0.236321,845,6693,7538,56.99999999999999,11.209869992040328,False
635,2012-09-26,4,1,9,False,3,True,1,0.635,0.596613,0.630833,0.2444,787,6946,7733,63.083299999999994,10.177162808741755,False
636,2012-09-27,4,1,9,False,4,True,2,0.65,0.607975,0.690833,0.134342,751,6642,7393,69.08330000000001,10.158257811443256,False
637,2012-09-28,4,1,9,False,5,True,2,0.619167,0.585863,0.69,0.164179,1045,6370,7415,69.0,14.093054619015511,False
638,2012-09-29,4,1,9,False,6,False,1,0.5425,0.530296,0.542917,0.227604,2589,5966,8555,54.2917,30.26300409117475,False
639,2012-09-30,4,1,9,False,0,False,1,0.526667,0.517663,0.583333,0.134958,2015,4874,6889,58.3333,29.24952823341559,False
640,2012-10-01,4,1,10,False,1,True,2,0.520833,0.512,0.649167,0.0908042,763,6015,6778,64.9167,11.257007966951903,False
641,2012-10-02,4,1,10,False,2,True,3,0.590833,0.542333,0.871667,0.104475,315,4324,4639,87.16669999999999,6.790256520801898,False
642,2012-10-03,4,1,10,False,3,True,2,0.6575,0.599133,0.79375,0.0665458,728,6844,7572,79.375,9.614368726888536,False
643,2012-10-04,4,1,10,False,4,True,2,0.6575,0.607975,0.722917,0.117546,891,6437,7328,72.2917,12.158842794759824,False
644,2012-10-05,4,1,10,False,5,True,1,0.615,0.580187,0.6275,0.10635,1516,6640,8156,62.74999999999999,18.587542913192742,False
645,2012-10-06,4,1,10,False,6,False,1,0.554167,0.538521,0.664167,0.268025,3031,4934,7965,66.41669999999999,38.05398618957941,False
646,2012-10-07,4,1,10,False,0,False,2,0.415833,0.419813,0.708333,0.141162,781,2729,3510,70.8333,22.25071225071225,False
647,2012-10-08,4,1,10,True,1,False,2,0.383333,0.387608,0.709583,0.189679,874,4604,5478,70.9583,15.954728002920774,False
648,2012-10-09,4,1,10,False,2,True,2,0.446667,0.438112,0.761667,0.1903,601,5791,6392,76.16669999999999,9.402377972465583,False
649,2012-10-10,4,1,10,False,3,True,1,0.514167,0.503142,0.630833,0.187821,780,6911,7691,63.083299999999994,10.141724093095826,False
650,2012-10-11,4,1,10,False,4,True,1,0.435,0.431167,0.463333,0.181596,834,6736,7570,46.3333,11.017173051519155,False
651,2012-10-12,4,1,10,False,5,True,1,0.4375,0.433071,0.539167,0.235092,1060,6222,7282,53.91669999999999,14.55644053831365,False
652,2012-10-13,4,1,10,False,6,False,1,0.393333,0.391396,0.494583,0.146142,2252,4857,7109,49.4583,31.67815445210297,False
653,2012-10-14,4,1,10,False,0,False,1,0.521667,0.508204,0.640417,0.278612,2080,4559,6639,64.0417,31.330019581262235,False
654,2012-10-15,4,1,10,False,1,True,2,0.561667,0.53915,0.7075,0.296037,760,5115,5875,70.75,12.936170212765957,False
655,2012-10-16,4,1,10,False,2,True,1,0.468333,0.460846,0.558333,0.182221,922,6612,7534,55.833299999999994,12.237855057074595,False
656,2012-10-17,4,1,10,False,3,True,1,0.455833,0.450108,0.692917,0.101371,979,6482,7461,69.2917,13.121565473797078,False
657,2012-10-18,4,1,10,False,4,True,2,0.5225,0.512625,0.728333,0.236937,1008,6501,7509,72.8333,13.423891330403514,False
658,2012-10-19,4,1,10,False,5,True,2,0.563333,0.537896,0.815,0.134954,753,4671,5424,81.5,13.882743362831858,False
659,2012-10-20,4,1,10,False,6,False,1,0.484167,0.472842,0.572917,0.117537,2806,5284,8090,57.2917,34.684796044499386,False
660,2012-10-21,4,1,10,False,0,False,1,0.464167,0.456429,0.51,0.166054,2132,4692,6824,51.0,31.242672919109026,False
661,2012-10-22,4,1,10,False,1,True,1,0.4875,0.482942,0.568333,0.0814833,830,6228,7058,56.833299999999994,11.759705298951545,False
662,2012-10-23,4,1,10,False,2,True,1,0.544167,0.530304,0.641667,0.0945458,841,6625,7466,64.16669999999999,11.264398607018483,False
663,2012-10-24,4,1,10,False,3,True,1,0.5875,0.558721,0.63625,0.0727792,795,6898,7693,63.625,10.334069933705967,False
664,2012-10-25,4,1,10,False,4,True,2,0.55,0.529688,0.800417,0.124375,875,6484,7359,80.0417,11.890202473162114,False
665,2012-10-26,4,1,10,False,5,True,2,0.545833,0.52275,0.807083,0.132467,1182,6262,7444,80.7083,15.878559914024718,False
666,2012-10-27,4,1,10,False,6,False,2,0.53,0.515133,0.72,0.235692,2643,5209,7852,72.0,33.6602139582272,False
667,2012-10-28,4,1,10,False,0,False,2,0.4775,0.467771,0.694583,0.398008,998,3461,4459,69.4583,22.38169993272034,False
668,2012-10-29,4,1,10,False,1,True,3,0.44,0.4394,0.88,0.3582,2,20,22,88.0,9.090909090909092,False
669,2012-10-30,4,1,10,False,2,True,2,0.318182,0.309909,0.825455,0.213009,87,1009,1096,82.5455,7.937956204379562,False
670,2012-10-31,4,1,10,False,3,True,2,0.3575,0.3611,0.666667,0.166667,419,5147,5566,66.6667,7.527847646424722,False
671,2012-11-01,4,1,11,False,4,True,2,0.365833,0.369942,0.581667,0.157346,466,5520,5986,58.166700000000006,7.784831272970264,False
672,2012-11-02,4,1,11,False,5,True,1,0.355,0.356042,0.522083,0.266175,618,5229,5847,52.208299999999994,10.569522832221653,False
673,2012-11-03,4,1,11,False,6,False,2,0.343333,0.323846,0.49125,0.270529,1029,4109,5138,49.125,20.02724795640327,False
674,2012-11-04,4,1,11,False,0,False,1,0.325833,0.329538,0.532917,0.179108,1201,3906,5107,53.2917,23.516741727041314,False
675,2012-11-05,4,1,11,False,1,True,1,0.319167,0.308075,0.494167,0.236325,378,4881,5259,49.416700000000006,7.187678265830005,False
676,2012-11-06,4,1,11,False,2,True,1,0.280833,0.281567,0.567083,0.173513,466,5220,5686,56.7083,8.195568061906437,False
677,2012-11-07,4,1,11,False,3,True,2,0.295833,0.274621,0.5475,0.304108,326,4709,5035,54.75,6.4746772591857,False
678,2012-11-08,4,1,11,False,4,True,1,0.352174,0.341891,0.333478,0.347835,340,4975,5315,33.3478,6.3969896519285045,False
679,2012-11-09,4,1,11,False,5,True,1,0.361667,0.355413,0.540833,0.214558,709,5283,5992,54.0833,11.832443257676903,False
680,2012-11-10,4,1,11,False,6,False,1,0.389167,0.393937,0.645417,0.0578458,2090,4446,6536,64.5417,31.976744186046513,False
681,2012-11-11,4,1,11,False,0,False,1,0.420833,0.421713,0.659167,0.1275,2290,4562,6852,65.91669999999999,33.42089900758903,False
682,2012-11-12,4,1,11,True,1,False,1,0.485,0.475383,0.741667,0.173517,1097,5172,6269,74.16669999999999,17.49880363694369,False
683,2012-11-13,4,1,11,False,2,True,2,0.343333,0.323225,0.662917,0.342046,327,3767,4094,66.29169999999999,7.987298485588666,False
684,2012-11-14,4,1,11,False,3,True,1,0.289167,0.281563,0.552083,0.199625,373,5122,5495,55.2083,6.787989080982712,False
685,2012-11-15,4,1,11,False,4,True,2,0.321667,0.324492,0.620417,0.152987,320,5125,5445,62.0417,5.876951331496786,False
686,2012-11-16,4,1,11,False,5,True,1,0.345,0.347204,0.524583,0.171025,484,5214,5698,52.4583,8.494208494208493,False
687,2012-11-17,4,1,11,False,6,False,1,0.325,0.326383,0.545417,0.179729,1313,4316,5629,54.541700000000006,23.325635103926096,False
688,2012-11-18,4,1,11,False,0,False,1,0.3425,0.337746,0.692917,0.227612,922,3747,4669,69.2917,19.747269222531592,False
689,2012-11-19,4,1,11,False,1,True,2,0.380833,0.375621,0.623333,0.235067,449,5050,5499,62.3333,8.165120931078377,False
690,2012-11-20,4,1,11,False,2,True,2,0.374167,0.380667,0.685,0.082725,534,5100,5634,68.5,9.478168264110757,False
691,2012-11-21,4,1,11,False,3,True,1,0.353333,0.364892,0.61375,0.103246,615,4531,5146,61.375,11.951029926156238,False
692,2012-11-22,4,1,11,True,4,False,1,0.34,0.350371,0.580417,0.0528708,955,1470,2425,58.0417,39.381443298969074,False
693,2012-11-23,4,1,11,False,5,True,1,0.368333,0.378779,0.56875,0.148021,1603,2307,3910,56.875,40.99744245524297,False
694,2012-11-24,4,1,11,False,6,False,1,0.278333,0.248742,0.404583,0.376871,532,1745,2277,40.4583,23.364075537988583,False
695,2012-11-25,4,1,11,False,0,False,1,0.245833,0.257583,0.468333,0.1505,309,2115,2424,46.8333,12.747524752475247,False
696,2012-11-26,4,1,11,False,1,True,1,0.313333,0.339004,0.535417,0.04665,337,4750,5087,53.541700000000006,6.62472970316493,False
697,2012-11-27,4,1,11,False,2,True,2,0.291667,0.281558,0.786667,0.237562,123,3836,3959,78.6667,3.1068451629199294,False
698,2012-11-28,4,1,11,False,3,True,1,0.296667,0.289762,0.50625,0.210821,198,5062,5260,50.625,3.76425855513308,False
699,2012-11-29,4,1,11,False,4,True,1,0.28087,0.298422,0.555652,0.115522,243,5080,5323,55.565200000000004,4.565094871313169,False
700,2012-11-30,4,1,11,False,5,True,1,0.298333,0.323867,0.649583,0.0584708,362,5306,5668,64.95830000000001,6.386732533521525,False
701,2012-12-01,4,1,12,False,6,False,2,0.298333,0.316904,0.806667,0.0597042,951,4240,5191,80.6667,18.32016952417646,False
702,2012-12-02,4,1,12,False,0,False,2,0.3475,0.359208,0.823333,0.124379,892,3757,4649,82.3333,19.186921918692192,False
703,2012-12-03,4,1,12,False,1,True,1,0.4525,0.455796,0.7675,0.0827208,555,5679,6234,76.75,8.902791145332051,False
704,2012-12-04,4,1,12,False,2,True,1,0.475833,0.469054,0.73375,0.174129,551,6055,6606,73.375,8.34090221011202,False
705,2012-12-05,4,1,12,False,3,True,1,0.438333,0.428012,0.485,0.324021,331,5398,5729,48.5,5.777622621748996,False
706,2012-12-06,4,1,12,False,4,True,1,0.255833,0.258204,0.50875,0.174754,340,5035,5375,50.875,6.325581395348837,False
707,2012-12-07,4,1,12,False,5,True,2,0.320833,0.321958,0.764167,0.1306,349,4659,5008,76.4167,6.968849840255591,False
708,2012-12-08,4,1,12,False,6,False,2,0.381667,0.389508,0.91125,0.101379,1153,4429,5582,91.125,20.655678968111786,False
709,2012-12-09,4,1,12,False,0,False,2,0.384167,0.390146,0.905417,0.157975,441,2787,3228,90.5417,13.661710037174721,False
710,2012-12-10,4,1,12,False,1,True,2,0.435833,0.435575,0.925,0.190308,329,4841,5170,92.5,6.363636363636363,False
711,2012-12-11,4,1,12,False,2,True,2,0.353333,0.338363,0.596667,0.296037,282,5219,5501,59.66669999999999,5.126340665333576,False
712,2012-12-12,4,1,12,False,3,True,2,0.2975,0.297338,0.538333,0.162937,310,5009,5319,53.833299999999994,5.828163188569279,False
713,2012-12-13,4,1,12,False,4,True,1,0.295833,0.294188,0.485833,0.174129,425,5107,5532,48.5833,7.682574114244396,False
714,2012-12-14,4,1,12,False,5,True,1,0.281667,0.294192,0.642917,0.131229,429,5182,5611,64.29169999999999,7.645695954375334,False
715,2012-12-15,4,1,12,False,6,False,1,0.324167,0.338383,0.650417,0.10635,767,4280,5047,65.0417,15.197146819893007,False
716,2012-12-16,4,1,12,False,0,False,2,0.3625,0.369938,0.83875,0.100742,538,3248,3786,83.875,14.210248283148442,False
717,2012-12-17,4,1,12,False,1,True,2,0.393333,0.4015,0.907083,0.0982583,212,4373,4585,90.7083,4.623773173391494,False
718,2012-12-18,4,1,12,False,2,True,1,0.410833,0.409708,0.66625,0.221404,433,5124,5557,66.625,7.791974086737448,False
719,2012-12-19,4,1,12,False,3,True,1,0.3325,0.342162,0.625417,0.184092,333,4934,5267,62.5417,6.322384659198785,False
720,2012-12-20,4,1,12,False,4,True,2,0.33,0.335217,0.667917,0.132463,314,3814,4128,66.79169999999999,7.6065891472868215,False
721,2012-12-21,1,1,12,False,5,True,2,0.326667,0.301767,0.556667,0.374383,221,3402,3623,55.666700000000006,6.099917195694176,False
722,2012-12-22,1,1,12,False,6,False,1,0.265833,0.236113,0.44125,0.407346,205,1544,1749,44.125,11.720983419096626,False
723,2012-12-23,1,1,12,False,0,False,1,0.245833,0.259471,0.515417,0.133083,408,1379,1787,51.5417,22.831561275881366,False
724,2012-12-24,1,1,12,False,1,True,2,0.231304,0.2589,0.791304,0.0772304,174,746,920,79.1304,18.913043478260867,False
725,2012-12-25,1,1,12,True,2,False,2,0.291304,0.294465,0.734783,0.168726,440,573,1013,73.47829999999999,43.43534057255676,False
726,2012-12-26,1,1,12,False,3,True,3,0.243333,0.220333,0.823333,0.316546,9,432,441,82.3333,2.0408163265306123,False
727,2012-12-27,1,1,12,False,4,True,2,0.254167,0.226642,0.652917,0.350133,247,1867,2114,65.29169999999999,11.684011352885525,False
728,2012-12-28,1,1,12,False,5,True,2,0.253333,0.255046,0.59,0.155471,644,2451,3095,59.0,20.807754442649433,False
729,2012-12-29,1,1,12,False,6,False,2,0.253333,0.2424,0.752917,0.124383,159,1182,1341,75.29169999999999,11.856823266219239,False
730,2012-12-30,1,1,12,False,0,False,1,0.255833,0.2317,0.483333,0.350754,364,1432,1796,48.3333,20.26726057906459,False
731,2012-12-31,1,1,12,False,1,True,2,0.215833,0.223487,0.5775,0.154846,439,2290,2729,57.75,16.0864785635764,False
